filename,e0,n0,u0,h0,p0,r0,vang,hang,z,e1,n1,u1,h1,intr_x,intr_y,loc,ac
0, 4735.692156064741, -2223.7688762261687, -150.72029734206615, 185.79750461810687, 6.669248785654915, -8.571768001872522, 4.47252720956762, 6.403098839910232, 323.78500296017035, 4672.192651496472, -2534.0334564153395, -83.33757447084662, 285.27158883364535, 1756.6305548595597, 762.4909909208895, Palo Alto, Cessna Skyhawk
1, -82.67459039659934, -1701.0267915927293, -262.55062301496093, 196.83756235369611, 19.05430813161075, 4.884445805606739, 3.465331254383365, 23.563665383909914, 364.48939172120174, -313.5740181258587, -1957.2184588352509, -144.63624481158257, 49.415871103745246, 2581.807243795208, 796.1215142331612, Palo Alto, Cessna Skyhawk
2, 3828.722216246175, -4805.001857130963, 307.67927203022407, 105.5679828377327, -8.856043775282137, -11.787362185529698, 12.836565223215324, 11.02699254800585, 472.0794235893911, 4259.256245042632, -4992.172795111907, 357.34286231643364, 294.02320247987393, 1975.3882730093349, 364.780569709209, Palo Alto, Cessna Skyhawk
3, 3475.126287953004, -1481.0990138509706, 62.78951015458972, 88.12563481318936, -1.709327087821784, -4.060050235900937, 13.916717968173778, -23.506733018052252, 688.8494560893962, 4082.946734696423, -1183.310848947908, 190.81328341156686, 255.69424909891978, 364.6249464804314, 264.59557814554705, Palo Alto, Cessna Skyhawk
4, -128.18237158306874, 4023.29870255525, -94.24489602229693, 96.29944516946243, 8.220470135840745, 12.679360838081081, -2.026713135777687, 18.407806059232676, 435.0950235537211, 269.77595788315335, 3847.9925969076658, -79.94046131327033, 351.6696454817338, 2325.2526197212787, 1048.1396294004883, Palo Alto, Cessna Skyhawk
5, 3748.2456869256093, -2478.15413478242, -295.9671889197142, 180.25458364480258, -8.547606707244563, -0.49061511287207143, 13.758677448772453, 17.38055558333061, 1142.7659192423046, 3414.1840107083935, -3565.0271295191574, -181.8451666074116, 153.09681160702795, 2268.795235571939, 307.41140043190853, Palo Alto, Cessna Skyhawk
6, -2382.366306731986, -4862.144987101804, 158.20600807759, 2.8813730567537776, -4.5696557583205335, -2.9075412882918394, 7.240321616671892, 20.795290926314955, 91.31154212844902, -2346.575597284623, -4778.379384907345, 164.5421529725328, 137.04210348193112, 2442.788633012067, 617.9265049367318, Palo Alto, Cessna Skyhawk
7, 1268.9398360964224, 4824.757928414061, 131.6808056731495, 166.4356098460425, -6.611485795439861, 0.014552794305410559, -6.223557412966091, -17.495734906514276, 180.24941994060677, 1360.6001170773854, 4674.553039963678, 92.60731382734514, 94.92274590062158, 687.3659754841046, 1249.8147982218422, Palo Alto, Cessna Skyhawk
8, -4544.83042186314, 1822.9860350938498, 76.55983516808567, 301.22338340704187, -8.081681853926012, 2.491842162612141, 7.0647656827067, 3.786149961861639, 227.13996493220657, -4730.203448072822, 1954.1652183018573, 71.9309350666826, 222.31084052303302, 1646.5638394433781, 646.0654717075536, Palo Alto, Cessna Skyhawk
9, 2714.6436176066336, -3224.130006006578, -322.51940734864445, 56.52014789595145, -10.057563871952864, 4.031504394493075, 13.905259611445551, -16.71165633012142, 367.9879071609131, 2956.4202229990246, -2948.8339226212156, -288.2960326716705, 233.32387412167213, 703.825270647528, 296.60932658080173, Palo Alto, Cessna Skyhawk
10, 2318.8903891751843, -1913.9667651854843, 281.9780553104798, 49.534009726537185, -1.620998182347642, -5.014402086928088, 9.801068431013707, 3.902510249572888, 393.0751697846593, 2627.5046370835425, -1677.5324385533704, 339.97929908348897, 169.50399373831198, 1643.4649598736241, 513.0033039307443, Palo Alto, Cessna Skyhawk
11, 3482.560232984053, 2484.021113752173, 486.59941762447727, 54.006272528479315, -7.40431390180441, 7.873618120254024, 5.951872210988537, -20.83568668272543, 441.450995897533, 3731.531420967954, 2848.3224784007766, 499.89772759130216, 271.50433031899036, 500.86870433542987, 670.4651150982613, Palo Alto, Cessna Skyhawk
12, 364.0224311666161, -1389.5486804583866, -166.4975039844897, 277.3902377200589, 5.7866111858275975, 0.5975183604270511, 17.182134914358173, 22.587199055340015, 765.6879716172375, -243.59632470830616, -1025.054170016949, 123.71150560409586, 255.80277897158243, 2536.1097809636517, 106.59502400668407, Palo Alto, Cessna Skyhawk
13, -3066.788748124912, -681.1387715490637, 173.43744233414702, 103.44404807226027, -1.4456494516727234, 21.225936327408135, -12.063510394752113, 11.201623913619265, 273.75447391779323, -2819.6827032703927, -768.7544558795805, 94.67446597050807, 184.83608108876746, 1978.1944753146036, 1510.38914528861, Palo Alto, Cessna Skyhawk
14, 3135.121436187057, -4419.820443515022, 209.1612433084798, 18.048024568486536, -3.8179829373728937, 2.1289850566002873, 0.13745404836161867, -6.875168160477056, 27.888637866284547, 3140.514844891688, -4392.508281960179, 207.50803558294135, 257.62964136560436, 1191.0575887330506, 980.2042887218223, Palo Alto, Cessna Skyhawk
15, 4420.6219637483555, 2338.492447840592, -392.26493778518324, 73.55429974583309, 6.042351657511656, -2.2149641522931165, -7.905629855626399, 18.3008805706924, 125.15598282503014, 4545.661182346578, 2334.1517043912, -395.48546500160666, 203.06368270602684, 2326.797111508037, 1332.0643263757433, Palo Alto, Cessna Skyhawk
16, -936.0622118054507, -3989.7262423215698, 216.2920416471569, 246.06213747095032, -1.0518369856694292, 5.5445569239617445, -13.079171331884151, -13.168118217049473, 304.72883065329466, -1169.123755944582, -4174.11560818164, 148.8936838590814, 163.55792269049172, 873.1602418032838, 1571.171456954384, Palo Alto, Cessna Skyhawk
17, 2641.537145774686, 3344.914195747202, 336.24706536564497, 227.57638584976078, -3.8811374831189327, -12.254951869389398, 4.2672542270329, -11.590170301020308, 381.1707170573072, 2421.1285416915575, 3034.2330076599856, 322.5225560183537, 279.70365894142157, 948.5750606094359, 768.0261637771011, Palo Alto, Cessna Skyhawk
18, 4974.53860996502, -3536.8148561374383, -171.35859830531007, 356.8270390039304, -4.845504738571515, 3.5403577846209093, -13.312061071896345, 19.994827638015153, 318.9179549611176, 5060.05382871667, -3247.7832172309622, -275.5532290185831, 226.9878030000595, 2398.989437627844, 1593.7718003379282, Palo Alto, Cessna Skyhawk
19, 1768.4001592679742, 1384.4140767499057, -292.6572533388937, 359.0848190037076, -3.264269730153628, -8.695010846861775, -16.61957281775336, 20.64116953799831, 256.6447803844189, 1861.5640960856567, 1612.3090606341784, -365.1203508132948, 222.37733001959904, 2432.173868945215, 1766.7045859130144, Palo Alto, Cessna Skyhawk
20, 3329.3579231817803, -439.8835563905932, -109.26876231738612, 103.26208611967286, 0.38682609272863994, 2.0283735920201633, -12.222557533588452, 18.063367578845863, 916.3500302456413, 4097.321208496691, -898.9520577401945, -307.223003009896, 19.983447451230806, 2295.75570320749, 1538.7967206492137, Osh Kosh, Cessna Skyhawk
21, -4455.955707917647, 1505.9853760241567, -66.30467484723266, 189.48719067182537, 3.098070370160255, -20.160648978969974, 11.280200248530395, -21.653471930334277, 158.99533702248178, -4415.881072745667, 1353.0859127913407, -49.120526516808916, 42.13450596361777, 452.69017828351446, 391.73204004131253, Osh Kosh, Cessna Skyhawk
22, -4275.505854229003, 4373.450360106968, -488.8590124980646, 293.86770078590763, -7.786256782740759, 7.659073765044048, -18.193767056558038, 10.113562081892916, 198.09790132314507, -4425.312800586343, 4466.535007797047, -579.0582680168184, 174.10747825911483, 1903.4308700069314, 1812.9990945012887, Osh Kosh, Cessna Skyhawk
23, 4145.200596569286, -311.09612618600477, 219.22569262125194, 250.74336947867295, 3.0309313965487403, 5.0437797659747226, 4.434204016168973, 4.423802066032611, 117.4314206285899, 4032.3363965244216, -340.150292412471, 233.6363249448693, 234.9761834664876, 1658.7576378675594, 746.4702106976265, Osh Kosh, Cessna Skyhawk
24, -1854.3822537298438, -4842.9527201170495, 205.49453815219044, 189.39531126145482, -16.319687518069006, 3.87411987747222, 0.5220547033704861, 1.0479941882336767, 111.36045473352563, -1873.93775524778, -4948.270247784222, 175.0486582188736, 355.72944817981494, 1495.593103904624, 916.7750485426282, Osh Kosh, Cessna Skyhawk
25, 2115.4937371302003, -3964.8632527885497, 336.2806249166248, 303.9078688328031, -7.9783467720107035, 4.646771747711527, 17.378371674659697, -21.877867000285313, 499.6329796409886, 1640.9717638510806, -3844.720798854537, 436.4195383466025, 308.533896583453, 440.98189266882304, 88.13023196416907, Osh Kosh, Cessna Skyhawk
26, -4458.6859145382905, -4470.835557135908, 74.8806853467014, 202.47924471770688, 10.939586061138332, 7.814521083228153, 4.880892298343717, 4.088432888677186, 633.1345852296902, -4739.412708345412, -5013.569053574545, 240.68847194382496, 300.9919506327079, 1631.1743334841126, 717.2038772836065, Osh Kosh, Cessna Skyhawk
27, -1243.1746249372977, 2361.8199259175954, -195.3467887358854, 346.5032273233264, -10.042000273349373, -2.4764566036768776, -1.8182921421639122, -18.835546706198652, 961.0854942807064, -1750.3334110579708, 3152.883854270968, -397.0722314433553, 134.073451922531, 585.9053466054031, 1053.592794895696, Osh Kosh, Cessna Skyhawk
28, -1013.334138880392, 4054.0882318237145, 455.0406643145715, 127.66114488185008, -0.5679834019841166, -4.61716518137754, -13.471971667643018, -12.254463638914764, 356.2044087601136, -705.369302537331, 3900.5371971104423, 363.05522995229165, 123.28642883001142, 916.0983338315157, 1586.9139299559488, Osh Kosh, Cessna Skyhawk
29, -940.2435639926789, 4547.805334662986, 197.36218977417263, 31.71691796774544, 5.525228946301709, -3.7796895841417646, 17.996751518451994, -4.412429667087558, 222.70071267571004, -850.8495537109574, 4732.007143754783, 284.9636274297826, 167.9564529719889, 1259.295265247001, 157.8889611277914, Osh Kosh, Cessna Skyhawk
30, -2307.844278694341, 4214.68904726393, -422.45798919829133, 247.33496696681556, 10.834282710995481, 4.713798086133982, 1.565655159631433, 18.873541579174372, 277.6893117727889, -2580.5935842965946, 4198.445951173966, -372.90668249760176, 66.4859990084683, 2327.3523518765087, 870.9438897039138, Osh Kosh, Cessna Skyhawk
31, 625.6036678153132, -4866.515195437895, 492.48980696425224, 65.23528542285754, 11.188726512779091, -15.172232691509997, -1.1903772248085147, 5.194834941036909, 48.01161700868933, 670.0221156606635, -4850.931166688122, 501.9372884659656, 25.43887177913003, 1681.0808026853267, 1037.487406263378, Osh Kosh, Cessna Skyhawk
32, 1106.2540255878375, 2811.906589446826, 163.24118745207545, 355.3025091808204, 6.085026862505725, -4.545676547745143, 18.196320907496045, 16.445146187920372, 580.3848254949079, 1205.626902866203, 3327.1384140392342, 411.24873542864657, 77.76484986848668, 2208.7525062943137, 115.15606230442336, Osh Kosh, Cessna Skyhawk
33, -3899.147800347674, -80.31036245094947, -379.274354319444, 319.62625843833297, -3.8748984784696723, 4.978351305582091, 10.33863880098609, -5.158545104353351, 690.7507810349482, -4380.360301852693, 408.27970958756885, -296.5041217411265, 245.0689604884193, 1236.377453023424, 496.9543265557977, Osh Kosh, Cessna Skyhawk
34, 4479.927409917325, 4580.165218996777, 173.4423658302552, 158.87758552103136, 11.85408096023198, -12.442619916730525, 7.885877424840761, 17.965174389895495, 159.86311604333687, 4490.605091720595, 4433.2877595252185, 235.64537927473512, 48.65865815474089, 2284.8106610920217, 570.7747951051508, Osh Kosh, Cessna Skyhawk
35, 135.7776759438766, 3818.5967494082015, -180.1473595548627, 251.23770491340943, -7.5278050126812435, 5.8231909288937524, 15.935248688517099, 22.895215554254435, 689.1045994146227, -545.9912569397732, 3878.131494475654, -99.45110673708541, 60.31598115967804, 2532.7808701438234, 155.2816044871381, Osh Kosh, Cessna Skyhawk
36, -962.0662041334836, 201.8199150962937, 19.956115990308035, 322.65907154559625, -0.7711098553720247, -5.3260436033219065, -5.142986746180185, 13.176321570281658, 1169.6539017071607, -1431.4080058552647, 1268.9574020962789, -75.04970896107586, 43.051570834496815, 2052.540535564079, 1204.7900717689172, Osh Kosh, Cessna Skyhawk
37, 2798.7095266716797, -185.8070896051113, 77.58316348071867, 79.99816457654082, 6.91340321051256, -2.714371434130748, 15.528652050074015, 15.771824849870697, 465.18030307967206, 3225.0718939400176, -228.19011410423937, 258.7226825949661, 123.64390025822973, 2166.28172507392, 236.08442697975897, Osh Kosh, Cessna Skyhawk
38, 1980.9701187479368, 4213.582120010369, 343.4650486227689, 324.40336765667143, 2.059523091164499, -1.8422231597205871, 8.232294301063408, -9.106107201516028, 126.25647112366562, 1893.019656424181, 4301.489633407686, 365.3209806765458, 197.50331769192024, 1057.0884676902333, 595.1789914775875, Osh Kosh, Cessna Skyhawk
39, 805.8772545119673, -4704.679881883788, -148.38569556781312, 1.5639198896963036, -10.866897914768339, -3.2152404958510687, -11.702557263058821, 9.456211381595281, 258.6441313266355, 856.786448075384, -4470.070324783485, -244.6322352335718, 288.964406559844, 1880.9296296058048, 1516.0280438887237, Osh Kosh, Cessna Skyhawk
40, -4867.435624148582, 2517.3170360542563, -324.95311692128604, 82.96268792188935, -17.71946297209158, -10.51505720546051, 1.057179798590262, 18.599731129150413, 366.748408847128, -4516.4893798210005, 2446.018969907003, -404.05883572800286, 54.544920274314926, 2330.8938240673588, 911.5681994586131, Boston, Cessna Skyhawk
41, -2216.850308177882, -1399.6272958119139, -379.8497107830782, 196.01142545734274, -5.599261721099636, 16.16725180332733, 11.098165123025453, -0.08962987155691238, 171.00687119505346, -2272.336406995789, -1560.6698031158926, -364.68548725732336, 167.4859078395384, 1467.493067769892, 468.9827228978986, Boston, Cessna Skyhawk
42, 1290.860186927006, -949.2381365280912, -53.81339950764675, 13.979581399696158, 2.634969958743698, -1.0441514034305877, -6.241967081777172, 20.491043387778085, 332.96430328588707, 1479.1161660612793, -675.3164973996322, -73.60858074022478, 247.14902347937553, 2416.5647280522576, 1250.4857696924132, Boston, Cessna Skyhawk
43, 3398.9596151425867, 2672.74480041275, 392.9034608432129, 162.17299808844638, -17.69316462190199, -2.8188428988666683, 8.79428602282879, -7.361171961117925, 666.9630975606736, 3683.777133422165, 2078.970298435316, 287.3070802696292, 160.04078288667858, 1147.662234376297, 564.9043569346475, Boston, Cessna Skyhawk
44, 1891.6556010167287, -4534.558882514463, -159.23923624196334, 260.85335705812844, -10.054722073914187, 20.419018539535465, 19.423432246481894, -3.401262682034762, 250.97859420716944, 1645.1014814845807, -4558.092631267405, -118.65003125384153, 194.69701448427617, 1321.5871150519417, 61.06413090355477, Boston, Cessna Skyhawk
45, 4179.204435621505, 1657.3739112208377, 193.5312380204549, 3.474873362377635, -1.6856770007119894, -5.122233897455484, -11.083580731841604, 23.684017929267803, 897.6914889485828, 4595.0187144753745, 2435.875891645159, 29.57038504825988, 210.80081958711756, 2581.9031372351524, 1494.1034081347555, Boston, Cessna Skyhawk
46, -283.07677496406814, 3709.6583709566385, 30.60780125462577, 327.984651932053, 7.59589540447352, -7.6399097753950524, 19.62423436374737, 9.540900600965188, 162.2377294082537, -343.10460318955955, 3839.3553380224175, 107.3960647850305, 22.905391896564335, 1910.6102390020314, 37.706054216589564, Boston, Cessna Skyhawk
47, -3400.1752817141687, -507.9728379097014, 126.76678091210863, 163.65006291607205, -14.84217322701154, 6.2299095361577965, 0.8558568286079193, 16.193239960793434, 151.59952992275544, -3401.292667741847, -654.3190420878358, 87.2198790875994, 74.05986823465138, 2217.163605444557, 925.4222874236303, Boston, Cessna Skyhawk
48, -3284.5645019307312, 2757.9430131375175, 487.0321022173838, 202.3949176322761, 1.6832041962636133, 5.319777400468237, -19.566021981656498, -23.000084276242404, 356.6813965194566, -3272.442164747213, 2415.0966839003363, 389.4049436350026, 256.17372158603297, 395.24441204974005, 1945.7879657851374, Boston, Cessna Skyhawk
49, -1071.5287458646026, -2480.5686016874706, 445.5861674755414, 114.43244373667699, -6.765965005254238, 4.326320048763169, 11.685752579338924, 10.761529651134985, 273.1390493981295, -850.7648554557541, -2640.1461652791104, 465.6671583828627, 326.49941320301906, 1964.4609669482193, 425.73985582937667, Boston, Cessna Skyhawk
50, -2140.899039557721, -701.9148976387069, 116.89590457494592, 83.5556155249547, 3.4584811156987225, -21.300502172041185, 6.272285930928895, 4.832989731361586, 866.949600454347, -1292.3231919831414, -639.5154752417882, 283.1094802105313, 217.2305362155065, 1687.1837462867468, 674.8253786641612, Boston, Cessna Skyhawk
51, -634.1550860659536, 3905.363955995539, 380.1867776388308, 177.53986043419255, -9.507992915200258, -18.010754402263043, 1.0563294150598423, -12.712539234966663, 359.49085371040985, -542.2423584056355, 3566.1930962841393, 304.3655911662525, 165.79468377492907, 900.0991067716321, 915.7917314486255, Boston, Cessna Skyhawk
52, -2699.3753514174778, 3631.131464772512, 406.6196823920476, 272.7807035381047, 8.921191478752439, 16.014596693033553, 0.031596092666241304, 18.382814754042748, 100.96298166533144, -2793.7825693156, 3666.372791634948, 412.8526396729405, 295.7713501399145, 2326.0926336955636, 960.5658474394148, Boston, Cessna Skyhawk
53, 393.44747015721805, -3563.4063478217004, -364.32346333604437, 63.38262372436751, -4.318928124302, -4.394686193837377, 7.585318955243739, 4.710067877741629, 521.5234421021421, 874.1898856914588, -3363.927622102552, -331.4347334451738, 229.02792914612917, 1677.303241930822, 614.3013098352135, Boston, Cessna Skyhawk
54, 1086.5703567783094, -1264.8912408078627, 52.921194664862924, 134.319859725999, -1.2393634402190563, -8.303216311720927, 12.212723548872248, -2.155190363550563, 472.3070501873856, 1440.0978966756525, -1565.9467848398392, 139.27967773660788, 256.83388519745387, 1378.5844098235805, 410.67283265403057, Boston, Cessna Skyhawk
55, 4058.1234112935363, -2772.3104809917077, -446.33262945503407, 242.68298936693267, 3.93334947084224, 11.428627188844665, 14.851513810679172, -13.312451722870977, 42.06095046579297, 4027.0425767339184, -2796.2874276977623, -431.2259652362667, 304.38931062238083, 856.633031011496, 291.15800640300085, Boston, Cessna Skyhawk
56, 4341.606946508311, 1034.8082778736753, 422.17101954083853, 156.28402818788956, 10.497001687747947, -9.376365008949492, -10.853881107381099, 22.837514470489545, 27.214872322606343, 4341.460064306401, 1007.6193037227686, 423.3488929533312, 67.91972302969451, 2546.5413811816275, 1524.089629763012, Boston, Cessna Skyhawk
57, 2992.6279727184337, -4757.448823342615, -265.98857667382026, 141.91832655738668, -1.3011084227863807, 0.2118389899465435, -6.409811914855323, -0.24648943718515426, 646.9339380193592, 3390.422149703766, -5260.191839241104, -352.7801251280855, 213.08511601131215, 1465.0984413562142, 1247.2086468916007, Boston, Cessna Skyhawk
58, -3363.7194395511438, -2071.3547882536523, -192.21659688944135, 316.90490829992797, 36.52485206804281, -7.628957862601274, 0.12899291565734572, 24.96052257329484, 429.41067840085753, -3436.2283776852632, -1731.1622132379657, 59.586891012421376, 29.475666704918602, 2654.6229590078283, 949.71821382841, Boston, Cessna Skyhawk
59, 4542.276257284317, 1438.9976493119057, 172.9736585822891, 148.27629557281182, -15.47307568812165, 0.36907479378889163, -11.11643475874233, -23.506183433707626, 193.0465179745713, 4689.617574693339, 1344.7876801336197, 91.23030415083194, 30.558724171704753, 369.43776057465067, 1506.7059322306982, Boston, Cessna Skyhawk
60, -648.3353278504792, -1926.400107731727, -138.35221815482532, 356.82624189551143, 4.291235380986282, -12.59767960573453, -5.68326351577225, -23.694761694719517, 159.2078697122514, -715.0697901001602, -1783.021319386695, -156.68744052243383, 103.22303423816652, 352.822469985844, 1233.4182426946827, Reno Tahoe, Cessna Skyhawk
61, -4849.4064000381095, 3944.31942800475, -498.3953568184812, 170.31415098429932, -5.237313981651052, 11.633611863508925, 14.229804575963705, 9.632225366971866, 110.21251342667276, -4854.051460998179, 3835.0013580444984, -485.17487631786076, 15.516327750075769, 1900.1480263347003, 311.47241922057833, Reno Tahoe, Cessna Skyhawk
62, -838.5040922070993, -1324.0587911051516, 475.79434459145705, 41.00450019008123, -4.144203097344193, -10.177593950148967, -8.70546150234425, -19.268951975042462, 936.9728836692913, -483.6576687779668, -495.6088571055443, 219.52708689522706, 127.36610272095201, 566.4517748514602, 1371.2949277554594, Reno Tahoe, Cessna Skyhawk
63, -3413.82594351687, 4433.94954528567, -273.9182035291181, 198.57480940932322, -11.010912746157612, 23.720913467057745, 19.956910121990575, -11.167525664450473, 78.91142925790125, -3436.234418699516, 4359.993026569361, -257.93986672963484, 132.42146831528248, 961.7507620479662, 31.907942875652452, Reno Tahoe, Cessna Skyhawk
64, -376.9365299117844, 1099.0399632839672, -15.416981410892333, 173.2423830025406, -6.542105032265347, -4.386961378999658, 19.11004110438104, 13.990762552169393, 198.05495134798113, -394.6679386661577, 907.4560226106632, 31.56125368925253, 115.31954717839116, 2097.524949679211, 51.81557378169168, Reno Tahoe, Cessna Skyhawk
65, -1317.8344634782648, 3961.449499230377, 121.5857590223676, 8.966989797819611, -3.6559909439683196, 7.590310430218925, -12.057246449779328, -23.317051340870382, 517.819112512278, -1456.670568653342, 4447.978080139085, 11.353689542668121, 210.8410884967935, 369.8293995501074, 1548.099524480791, Reno Tahoe, Cessna Skyhawk
66, 4601.824940844057, 2829.103177877774, -148.7240746662123, 274.6494069769655, 6.796083496527926, 0.6239610733009977, -12.928462795484705, -5.415381765878614, 186.4748018055606, 4416.425379295783, 2826.5169998847564, -168.55248785333583, 328.45971000667606, 1224.1431778406009, 1540.5756085130267, Reno Tahoe, Cessna Skyhawk
67, 2295.5673832201837, -245.8689426723522, 13.270536801734124, 345.7789442479543, 9.290366756194802, 4.365212987726316, 10.18504705209494, 23.942347167016734, 368.50946528203616, 2364.40633927552, 100.10932748084491, 119.85130764462576, 24.30495662321363, 2596.148622461346, 463.49281304547935, Reno Tahoe, Cessna Skyhawk
68, -488.1301244101023, 2494.9507705515716, 364.69944349534876, 250.87126626355703, -10.293016218677053, -7.348913454744272, 11.094880558974491, 21.655394723844587, 541.9774500000134, -1028.7453371590136, 2499.3500641490295, 402.8490734910621, 188.33126912511446, 2475.899308808866, 410.80291068317183, Reno Tahoe, Cessna Skyhawk
69, 4192.307476875763, -1.1326831185506308, 489.53909796884466, 349.87012276917176, -9.069287116015584, -15.10224013961748, 18.118236447131252, -16.094684050181144, 423.1770147213767, 3982.7523904459294, 364.76220415523295, 525.4052799065195, 228.5708172982987, 735.0046729806759, 86.9971769736544, Reno Tahoe, Cessna Skyhawk
70, -3494.7676018559937, -359.5253459178184, -179.20703793432722, 318.9074294413877, 2.286562968515033, -13.639195280973622, -17.61964854569232, -0.07307865303178218, 722.566214892433, -3914.406026827524, 198.8105769972791, -364.31923195173283, 327.24317929346637, 1465.1328481040707, 1759.5537173812033, Reno Tahoe, Cessna Skyhawk
71, -4873.706479759447, -4714.061063811257, -23.849480977225824, 8.281556044330234, 19.01105374144692, -5.428688931949331, 0.2555126687581293, 15.143613140712795, 346.6631007284873, -4739.5414142816235, -4417.212795123823, 94.70913739062573, 145.6978868671197, 2152.2664326093827, 952.4248442410787, Reno Tahoe, Cessna Skyhawk
72, -1723.248024263968, -1391.7153602295807, -65.969427452236, 343.453126895532, -5.839224315996832, 18.080905910125594, -17.532437434551973, -4.76990846933764, 399.6214754388286, -1892.4948190871992, -1059.0132836744199, -208.66551825311717, 17.9551088721983, 1252.6317876753683, 1762.6861767161206, Reno Tahoe, Cessna Skyhawk
73, -1789.9760297998077, -2196.6514718984886, 362.2857111935523, 287.410333788258, 10.179159107445098, 2.260801155027937, -15.432712680498458, 24.343057323888615, 430.9146872851629, -2116.025178446788, -1919.8506387072418, 309.7431652970983, 197.2536895306529, 2618.964171832304, 1722.7167464351621, Reno Tahoe, Cessna Skyhawk
74, -2930.764577135514, -4751.614289426224, 427.1157051615379, 239.40651522144051, -2.727201512263309, 0.6087193401493016, 16.354253602649493, 4.768690067876513, 167.42841540175468, -3077.3976181997896, -4822.213896456709, 466.44407964264354, 30.66740423591197, 1678.0414201009037, 203.06699499506794, Reno Tahoe, Cessna Skyhawk
75, 4279.083971388463, -1980.092549591156, 200.66443103630138, 26.3325233194981, 0.611706939878638, -3.908885980039323, 19.170869649343622, 1.4599396747698101, 667.2588591906247, 4558.475922097116, -1418.0342167009214, 427.08208378501604, 173.55331287461223, 1528.0218021703477, 77.70035241468577, Reno Tahoe, Cessna Skyhawk
76, 4528.267368348432, 1738.318203080591, 13.950041319300567, 345.66806778632093, -1.8645628075590661, 14.097341257474081, -9.45050874769155, -10.32570887286623, 303.1939210604643, 4393.631289518233, 2006.2627999885083, -30.83135027476589, 71.13362172196724, 1003.8313820738692, 1386.7681063274442, Reno Tahoe, Cessna Skyhawk
77, -2854.080072713734, 244.48120084543643, -8.716836642225985, 119.47466002312464, -11.196661937570749, 3.3488681309879254, 12.759367842717765, -14.605038951763516, 180.06107429553307, -2681.194125246074, 194.8780315149441, -0.2336039422806806, 183.92155107458004, 808.6613719913688, 373.52775660235193, Reno Tahoe, Cessna Skyhawk
78, 2136.9942342252534, 4160.592963446035, 70.07652672630934, 220.8785931637618, 12.23678826101716, 5.70323357296259, -3.552453683627345, -5.603556998443114, 358.4152211272424, 1934.6542904272126, 3870.3483946736555, 127.33129227146763, 95.66700954874051, 1207.096977121367, 1113.7981125885358, Reno Tahoe, Cessna Skyhawk
79, -3076.149734006919, -2983.7812479906743, -255.4597013072224, 41.57451940517417, -6.416184566458889, -5.036437547899903, 10.1989241330017, -20.30459360368006, 745.5624571381157, -2812.662222565148, -2287.0449067237614, -223.8973888754221, 162.70807617920596, 517.6795512496284, 471.7269718437044, Reno Tahoe, Cessna Skyhawk
80, -3358.345527192024, 4844.90255352052, 96.78642666879, 162.61179289147915, -17.541671221627976, 3.6367280428203785, 18.453734445242006, 2.726792072920791, 226.78530929668327, -3304.813694555306, 4624.54521920942, 99.71296432494528, 357.67644905868485, 1603.448856370244, 109.93056571072407, Palo Alto, King Air C90
81, -2959.6278568631974, -4029.181189129336, -499.05725691813194, 276.1877774123262, -8.583104778411757, 6.996635367316658, -14.668961314150781, 5.499785309842036, 383.7536068726643, -3305.411277838888, -3968.075733255638, -653.8693359965916, 104.05674211027946, 1721.044342609086, 1633.1223252222367, Palo Alto, King Air C90
82, 2769.488041132512, -2411.7827202446006, -110.96264306951889, 219.91314562293633, -13.47526056186827, -4.996377396756723, -9.572280295210032, -20.269162878423984, 745.8295440892934, 2547.199407402084, -3056.255722279337, -413.4589600703009, 329.8406501747439, 528.2885242282463, 1415.762939921436, Palo Alto, King Air C90
83, 4422.430818447345, 2454.0068839753267, 126.56468395427169, 254.9018045682296, 5.034094219886884, 3.763514049959949, 12.175860451254074, -17.74141095573598, 103.58515447136539, 4339.343982394756, 2401.187636479014, 158.76078613372954, 272.9911112989857, 655.7470346828839, 393.2309783381145, Palo Alto, King Air C90
84, 4713.32713667365, -2876.747859747554, 107.31452625851466, 181.8360189186945, -7.10490279972017, 9.669797226098817, 13.938122228691114, -19.303878321817642, 1074.131394457182, 4976.928154484762, -3900.7647555719814, 296.15878228336817, 83.44915092156997, 586.8382542508037, 288.4251747026258, Palo Alto, King Air C90
85, 313.44878985118885, -2168.937347796376, -77.79572599463626, 347.2081297650254, 15.368431324523208, -3.297113921179565, -6.069318133868027, -14.097728645679581, 599.7408521643866, 47.88819418430148, -1637.8275065367477, 6.400451478484129, 352.321027159433, 839.254604882145, 1238.4371177395424, Palo Alto, King Air C90
86, -1219.0598335778159, -1064.42839447504, 486.497853928582, 28.2206856800261, -5.363275925578598, -15.293208293756024, -17.1057548729644, -5.286501011784928, 413.22279234487036, -1042.1981900630913, -728.4361836655677, 323.45715519993496, 131.0801871133448, 1233.6993658177107, 1738.445199707723, Palo Alto, King Air C90
87, 3004.454735221352, -2061.5287127961124, 242.23663081692155, 183.32381029966035, -6.2688853068677055, 19.962017571155886, 13.051055657732647, -19.280691797452455, 657.9827017120367, 3116.202932020413, -2693.6282005892103, 386.8181434529871, 31.61614284742482, 588.0038892851157, 333.08110877811055, Palo Alto, King Air C90
88, -2382.928061574391, -2555.419707863582, -481.39932742729076, 269.83113239889565, 13.524702244672488, 0.6547051071825616, 2.2544225764812467, -1.0646305291694915, 150.2789160240945, -2527.502816801923, -2558.5681523264248, -440.5094747772688, 27.939941774429823, 1432.8376943334624, 864.8108319646017, Palo Alto, King Air C90
89, 4055.8301192373638, 4155.296222128331, 39.092089862053285, 119.01862534648913, -7.604962454042207, -5.089440471899296, 13.79991011365177, 11.066820357152167, 224.321876151336, 4229.836797708475, 4016.565821966026, 67.30301041267032, 323.2057462339296, 1984.884189061419, 321.270077364798, Palo Alto, King Air C90
90, -4638.549530141811, 512.885132494227, -426.7805980109286, 211.12174876606883, 3.4022898083574886, -5.729105737213418, -3.5120215273302264, 20.379893346595416, 176.77028632094613, -4777.289063383119, 403.467516887755, -421.59779597268675, 313.59835419138795, 2416.8382012493917, 1132.234446075884, Palo Alto, King Air C90
91, -992.9541129201871, -93.83930351359959, -134.37074941294316, 350.3313437849378, -14.304031360718113, 8.43721280441661, -14.222991048744138, 6.811213975674988, 374.34792476009545, -1018.8931079546632, 231.5292067401628, -317.6706944321351, 46.49420814046642, 1783.4976717844054, 1601.7406007246664, Palo Alto, King Air C90
92, -1800.4492921197048, -1347.3231095951364, -426.4368363213348, 201.34730239119224, 4.118268776398529, -4.377807415423963, 17.86914805375281, 23.288576740778232, 358.72006518290584, -2028.7016578254745, -1584.6870641219634, -284.1719572895299, 323.37792825210926, 2565.106749451745, 72.05883063003512, Palo Alto, King Air C90
93, -672.7483442054163, 1558.4786603607172, 245.14904103765446, 159.42138143430378, 4.3151134687150225, 5.055968314231433, 15.356690773309992, -6.429825885602753, 755.1223774582245, -365.0497963374995, 919.8828701721792, 505.3928216196568, 208.56097018414826, 1192.7482053127035, 254.78095743262656, Palo Alto, King Air C90
94, -2381.7542804170234, 4660.874105295954, 404.2666921821275, 284.39783613913136, 10.591126376711259, -11.527628739103148, 9.522821255645397, -22.34594330437095, 384.24009668696874, -2747.74897824952, 4595.969817046156, 501.61024064476385, 239.98677572520774, 424.2337368351341, 500.3764745599981, Palo Alto, King Air C90
95, -2966.6933269096508, 554.9055014880978, 152.07501194123495, 357.7886387283577, 0.5220981057426928, -1.405244392157525, -5.737164512635257, -4.854071259728819, 288.64085284219976, -3001.3146196000116, 840.203458859203, 125.24250289351812, 15.37352181846635, 1263.7914277981072, 1213.989950902373, Palo Alto, King Air C90
96, 3346.411078623012, 2768.864291686682, 350.57471810947834, 250.8536410774437, 9.568810033167201, -2.344596171936067, 6.854588052164246, -0.1118725669605034, 592.1989667827104, 2811.1051889912947, 2578.7378275313513, 517.9041787907854, 186.43317592622282, 1466.4423951137508, 655.1081087712153, Palo Alto, King Air C90
97, -424.6123908311647, 372.12590739008374, 30.7062815160466, 291.78144225266544, -8.956037644568118, -2.1909516130074613, 8.393817731581752, -12.53359845951605, 252.71147114424423, -674.1421568411208, 411.9357474296865, 27.078588181985438, 201.45763470066308, 911.5494403486172, 579.0697926011715, Palo Alto, King Air C90
98, -2204.5655408599873, -1261.183364070585, 19.039496891450312, 183.75526523494437, -4.52094385627492, 6.009562032474571, 7.197726801264658, 2.546517756554241, 355.8008929427907, -2248.032104458141, -1614.0105052755298, 33.80234543097252, 77.32634833658277, 1586.2494623238754, 639.0246702385516, Palo Alto, King Air C90
99, -1169.600447213003, 2405.4396733918356, 152.31388931433764, 249.99882392496323, -12.168255680371791, -4.611047689759099, -3.2816567404946966, -20.354574578417015, 832.8394639575926, -1774.3710233645259, 1882.6082059756286, -81.18424692220844, 40.11812583048918, 523.1090662196592, 1116.868160635966, Palo Alto, King Air C90
100, 3741.3933702839404, -2988.287263316505, -391.41709408765325, 140.22889813147492, 7.867713345558313, 8.800207977584272, -1.1818308276184268, -3.3248759897006224, 320.0084008478045, 3958.9912208226256, -3219.4814109493245, -351.3444331522077, 81.09442270350652, 1311.9780138640285, 1007.3724484954405, Osh Kosh, King Air C90
101, -1927.8830774126322, 2748.6858515174363, 165.22545586902015, 220.9099718722461, -9.403805871427979, 9.189007207060014, -8.129504787215263, -24.09459432001786, 92.28350309032575, -1951.6230615436532, 2661.886925623114, 144.76562792074435, 235.08485329304705, 324.43626430270814, 1341.4647660777805, Osh Kosh, King Air C90
102, -2400.5535707069857, -3066.7730334802936, 441.24380626566983, 28.06484204509889, 13.800007874809248, 8.934790165017331, -14.387367888109592, -16.402057313651042, 883.4464815783106, -2246.0858698074785, -2197.2054069926653, 462.91309689985826, 322.3665527401822, 707.2293522115829, 1666.631293673045, Osh Kosh, King Air C90
103, 2403.7124955608206, -3792.148215912986, -369.4111145565201, 148.98117284736034, -2.5477639295449634, -2.6980321746706837, 11.699448390941342, -0.9246647809123161, 391.6405602341476, 2611.4308635271736, -4118.341667870189, -307.49795012313217, 237.58539498313854, 1416.1813508056684, 419.5985027281106, Osh Kosh, King Air C90
104, -1312.762475347934, -2973.024562387657, -294.8868933647475, 119.78278470557366, 14.842474577745111, 16.71992453433428, -8.19542867723472, -13.954913871009722, 168.86547583438332, -1151.515149450051, -3012.8499635984194, -264.41089891080935, 197.388991529832, 828.4044061585997, 1350.671082782711, Osh Kosh, King Air C90
105, 2607.912729779234, 2828.2841827043612, -387.84985001609607, 158.7642388608307, 20.108961185382487, 10.717012746899712, -8.142192022611798, -4.921835589042704, 220.9783618191576, 2708.0494913664033, 2637.573685827414, -338.5186048254386, 292.43781741799455, 1239.9102655077718, 1315.2409174254835, Osh Kosh, King Air C90
106, -1089.651083952734, -649.8778196610565, -125.207730011352, 26.168150566794562, -6.1509320010925155, 0.10208345712790487, 0.7867228795245573, 1.4976192644121298, 420.58509777640506, -895.1725240166296, -279.0360607977782, -164.53080313588484, 224.215916104317, 1521.7838997776712, 948.4715919506903, Osh Kosh, King Air C90
107, -2737.247738600951, -2823.770480429576, 94.66605825639681, 322.7930054863145, 3.8554148687381966, 15.572789457477413, -8.154400959642437, 9.009492279399069, 160.9404664745518, -2819.08678234076, -2686.3708369788883, 76.62325779682594, 21.47273645509161, 1862.9004562692578, 1347.0079790831937, Osh Kosh, King Air C90
108, -351.58390372201666, -2709.060984921801, 290.303540784362, 85.56275346282564, -12.687186045817871, -11.265506761875075, 2.5201837423119713, -16.273439905732683, 463.10433837313604, 69.07613737714865, -2544.897141351808, 187.53686083995797, 196.14688125419383, 712.0111680934516, 861.9466401789643, Osh Kosh, King Air C90
109, 2453.3878495343915, -3808.2428491569353, 427.6127370195529, 50.66577464128034, -8.950427625355525, 6.866734816753607, -12.640262127842004, -1.7761972561586674, 881.5474594605668, 3056.227515184805, -3250.179784338892, 107.80673881787754, 93.50005663151666, 1379.769018138273, 1557.1387251091423, Osh Kosh, King Air C90
110, 3790.1882444018192, -2206.7225460905693, 347.2745318947092, 345.58723253082854, 10.232458869663159, -17.612059131335542, 16.27691065379112, -23.92605251739453, 477.72638637273684, 3479.746263083686, -1873.6807074606884, 491.95144848492885, 114.75956792305156, 339.93788304011184, 151.36679267827913, Osh Kosh, King Air C90
111, 4785.990026532509, -4870.883596492144, 454.8900488588888, 73.82533982652623, -28.957401445381823, 5.05523651356036, 0.3665789696672519, 0.8996933404508596, 932.8731195154353, 5576.188455389167, -4657.4282627827, 7.368517915496909, 136.3230875190711, 1506.7383350418445, 962.3865566156533, Osh Kosh, King Air C90
112, 4483.891205186845, -175.9077292992015, 423.08023062371615, 245.06145744769384, 0.8511125781816773, 12.616756585176825, -2.9917702140862943, 1.0809523974836246, 216.66596757040838, 4286.952690787167, -265.81580467014305, 414.368110769037, 123.26780330902513, 1498.6698356891147, 1075.5960474472201, Osh Kosh, King Air C90
113, -1168.4321892063422, 545.1970143092058, 472.15740681928014, 71.83945766100882, 8.380105773303253, 1.3611316567311218, -18.712221723361644, 10.328112361980217, 549.4032401405153, -634.72268177703, 626.5145180293216, 370.24790998416336, 148.58003675962777, 1923.7289937370065, 1855.1542175135444, Osh Kosh, King Air C90
114, -1292.4193097489087, 3933.551650316609, -129.96345502635307, 234.063642681203, -12.602077999469333, 5.460610536335535, -10.669074921100137, -20.32911096335152, 137.8185727474927, -1360.1603330711212, 3823.6018987328584, -178.0900057035727, 211.00971000123604, 507.79338154717635, 1447.5804054187954, Osh Kosh, King Air C90
115, -1865.2842166264659, 3982.254875516801, 208.50179031523874, 212.7264098011061, -0.2798515578793665, 3.7713203755523095, -5.285581369194169, 20.006794430711302, 383.1004618284841, -2166.5600663616456, 3750.039310039113, 162.9522857139704, 66.70698412601651, 2377.3530947221616, 1183.1974480955255, Osh Kosh, King Air C90
116, -4.500506710202899, 2765.4791301910354, -6.497553674990968, 84.85283150316346, -5.5735833915226145, -18.748765170823507, -14.47248106599751, -23.307922607964386, 536.3645431541115, 436.0326097253321, 2957.2762705208247, -244.89082840779307, 173.24319432687852, 357.63059401436135, 1698.1410644393475, Osh Kosh, King Air C90
117, 1922.4050894461488, 320.2856661968726, -171.17996045267722, 119.69847716060514, -3.724865648682936, -6.516029734965888, -13.289917846484386, 21.857533000957844, 497.03395468507745, 2211.2354381181167, -65.36065446351586, -293.23198688821776, 152.5014054483299, 2489.542999351195, 1594.5262206842428, Osh Kosh, King Air C90
118, -639.701414078535, 4372.458292271558, -237.5244234705396, 223.57710912784486, 2.4521645632001405, -22.567364785501745, -3.48899246279683, -18.06264894264595, 535.7355487752808, -890.741069729548, 3904.673849894431, -309.422858655823, 227.48359524570273, 634.3653234678721, 1088.8836190676855, Osh Kosh, King Air C90
119, -4894.944495923469, 3052.4304974778906, 475.2672119174355, 341.6175190722961, -2.075736047544032, 7.146210794688934, -0.3379396555745906, 5.095724590813234, 190.3673515021864, -4938.876075867694, 3237.3847450808003, 465.18400334066484, 253.96370451964304, 1689.6751727456297, 994.7229280086561, Osh Kosh, King Air C90
120, 1539.9118100985088, 4666.077616709335, 470.58274575268877, 133.77598994578275, -1.6632631723565376, 4.654195432985961, -15.981631265549838, -4.0808132071720955, 662.4012933964804, 2036.1083106103624, 4273.690763182198, 274.1213919138406, 351.90006288121145, 1293.3277759351283, 1691.1260752679855, Boston, King Air C90
121, 479.3200994170129, 3912.6741664891724, -114.39907793068096, 122.00444165117194, -4.0011842039690215, -8.471398741846908, 11.346745781482252, 4.522413875136898, 285.3677032332859, 711.566038162868, 3751.5477681992966, -75.22212349533044, 330.6596412619195, 1679.998769900977, 450.8890474456582, Boston, King Air C90
122, -4169.136096831169, -2927.1768350017423, 42.005895353517644, 236.38407616328755, 9.411511229045674, 2.2839694288754995, -19.027075393516704, -8.449699836930218, 623.2394880938767, -4622.736456306616, -3342.332640432916, -59.58067177056871, 231.07878729766293, 1088.1292162010004, 1849.9979478810299, Boston, King Air C90
123, -726.5632700801425, -3867.92783705894, -284.41101364653696, 327.6225877701639, -13.167691674431143, -6.107309601229808, -9.744979819027924, 5.631107473606445, 168.96379871308193, -793.4251696303811, -3726.4556214630225, -348.15945581158826, 207.77835478324795, 1723.004184406225, 1394.5343542202877, Boston, King Air C90
124, 4816.086201566659, 426.48696169365394, 95.32932542093499, 275.4790932625853, 2.5771447635590388, 9.230049903673812, -3.628134684451517, -18.4640979971147, 70.5688152945843, 4747.449011087972, 410.23379136049635, 97.50377463741276, 248.7421266693582, 630.8983623403402, 1140.987206463408, Boston, King Air C90
125, 1679.4779041619686, 4720.5724430242135, -287.43312481508866, 124.44150220595384, -3.3526313840309445, 4.778004370608483, 0.12064997176996428, -9.269870123107731, 572.4602521270751, 2196.9678044635557, 4476.993760360706, -311.6068440812274, 201.02550186891577, 1059.4948044481343, 953.7592763227959, Boston, King Air C90
126, 2138.152376720017, 4550.86312093991, -157.9585518905081, 310.4457451193384, 0.26302238247443094, -11.65308731482944, 19.166374097182825, 22.348460992297, 705.7986141108241, 1800.5800651145269, 5103.356474573886, 123.01780353529784, 129.13589565491517, 2522.689457643007, -3.5372823536545184, Boston, King Air C90
127, 2442.9672389691996, 968.2513062354728, 477.4810815417811, 294.5694471450379, -6.121846960795445, -18.87775907272652, 16.54261493128127, -14.792440682105939, 228.04084650685027, 2216.9425296771974, 990.4197059032942, 498.07284011637654, 63.4389319324194, 804.1890617878366, 179.48444232889187, Boston, King Air C90
128, -4818.64802001359, -4158.388451653777, -187.045404083228, 210.9054067619844, 8.465588999323346, -3.752257961843339, 0.40654675788340455, 24.78207220175326, 209.37386544305943, -4989.726311213613, -4273.867719876793, -151.91461386545154, 232.4154899457364, 2642.140932949909, 944.9717416518887, Boston, King Air C90
129, 2855.3611960810576, 4527.789009561098, 387.6097697415902, 52.97478324455358, -0.7483741578420664, 0.3244140111166783, 15.943468742385207, 13.731085222643728, 472.23573098436395, 3274.1763059183536, 4707.759531013133, 510.9430612674106, 206.98722021977483, 2090.577714187539, 205.14673312623677, Boston, King Air C90
130, -1274.2257167884786, -2252.1432989395494, 106.29250134825054, 95.55638641647757, 17.402657225651296, -0.9431081137143348, 3.186573050289738, 10.432190596984839, 133.63134736111476, -1154.2576063605056, -2287.961449499385, 153.00491477724734, 6.009420700382648, 1944.328247247302, 819.062891096685, Boston, King Air C90
131, -4941.034913067073, -1881.2724307831086, -204.0955763376844, 167.18272522606287, -19.869262654455746, -0.6374147615321974, -3.731050259059934, 23.097651448380432, 141.7039738464082, -4968.733614733163, -2010.0268066563553, -256.3938442188211, 315.7163496018401, 2558.31644080112, 1146.819639580574, Boston, King Air C90
132, 914.0826195663931, -4020.584238762169, 104.75781821144881, 92.26172916479061, -7.876484798580108, 26.15016130722131, 3.155030185545211, -21.690936868165146, 248.28919188267696, 1152.3076311606937, -3953.706553050266, 125.342808142658, 312.2796823057956, 456.725454821191, 807.7755758903907, Boston, King Air C90
133, -3798.5207322556544, -3340.520311450197, 394.77346143331476, 196.17605998623796, -7.2057482697800666, 7.823455805859236, 10.736347306075508, 10.337437176991656, 357.80272297331817, -3964.847510937405, -3657.0212031696647, 408.3887763857754, 350.95219689770045, 1933.7595492590578, 473.8363547352585, Boston, King Air C90
134, -658.9473616540517, -15.520462411232984, -44.24301869519019, 267.7124406342919, -0.7945870353084776, 22.021464951958972, -18.863273721727328, 14.859291704089337, 110.62976662816766, -759.9033768910941, -8.067231280013155, -88.86675226114718, 338.3800270884322, 2158.4856680050857, 1860.880370993374, Boston, King Air C90
135, -2154.141511097507, -842.4910650171178, 163.78025229551656, 28.957716949349823, 15.622285931771787, 16.286837615863806, 8.16343644194896, 2.1376841930719266, 186.07271913814077, -2059.1206333658965, -699.6953437771452, 235.9153449906243, 349.67890325476833, 1566.3091847134583, 589.5896596342382, Boston, King Air C90
136, 4636.617465217561, -3938.0513696356156, 419.7443148012626, 340.1876073367954, 1.9544575802048882, 3.2649840299941237, 16.126182578378604, -20.706458223079505, 190.06358799697935, 4521.604995277544, -3800.099620644932, 481.9183784531858, 206.11570010410534, 510.8416350297749, 169.726217081168, Boston, King Air C90
137, 2064.6414569002673, -572.4937063597536, 35.94698054859907, 100.86536918918362, 0.03665741563683943, 10.510871009190573, -0.15048320757578537, 19.968491436709336, 186.99790234343482, 2225.434453457143, -667.2003505812952, 23.927027162674875, 180.42371026770707, 2409.7616875967697, 969.2946876522082, Boston, King Air C90
138, 3165.583898180529, 4650.034022361224, 42.557910156617936, 284.74179685397024, -6.96860471657566, 8.827588271120463, 9.318503336096, 11.395035942736065, 405.761724559186, 2805.0588197894276, 4836.15623361695, 47.329434610491305, 5.789026222562357, 1989.87758687245, 529.1508569565649, Boston, King Air C90
139, 536.8622162087122, -2971.648699946522, -451.8165398747586, 244.47616980681337, 9.542158486647272, 15.024547355551547, -4.312137860049754, -17.740971612165666, 394.58832702632407, 256.92886276845917, -3242.156976154692, -387.2988061884926, 136.21208007898807, 652.6881730550282, 1165.4678861881757, Boston, King Air C90
140, 4402.570656388321, -3581.392285753929, 392.75172944188057, 271.09415194321116, -4.649118003148712, 1.2456372530429578, 13.88767454966149, 2.3353998313775897, 184.90052922322118, 4220.422213329245, -3569.6346277823523, 422.27981568540474, 11.332966943271071, 1570.7985283443818, 323.368778070007, Reno Tahoe, King Air C90
141, -1472.3288910944466, 1412.8592602218623, 204.24901999677627, 16.16301828682163, 3.0920301417873057, 6.388526414453874, -9.249573248040232, 3.352473045382059, 299.1642607199372, -1378.3041321033872, 1694.8529321554552, 170.51226588217537, 343.9430224199416, 1609.6006293392115, 1377.9026308749612, Reno Tahoe, King Air C90
142, 1151.3422062120007, 2866.7386421917854, -443.2671728185533, 315.3509103492375, -6.442989589994495, 1.799371158511158, 13.152356656696085, 24.84792063571254, 163.60670096693178, 1096.054369976933, 3019.5853458622028, -424.6045646724482, 71.38369749328135, 2653.4684933915655, 305.1145055180207, Reno Tahoe, King Air C90
143, 1454.8663532437868, -3608.1289958291954, -63.179564703721326, 6.666314171082295, 26.228020408261816, 2.8861278368037353, -10.173637430535392, 21.022141712485634, 124.79889230783611, 1510.6590481759492, -3500.3109754535776, -34.24492809372806, 232.94409867269457, 2442.6429225477946, 1461.3627387326035, Reno Tahoe, King Air C90
144, -972.4524182525251, -3509.6806724000985, -491.9991108892794, 301.85725028813937, -16.852508200100623, -4.002148311189929, 15.614521511274027, 20.853866819015224, 504.71866252429925, -1291.9453758280063, -3119.0739382333586, -482.4305381857339, 199.2168128981712, 2439.6114745758036, 191.2716365049955, Reno Tahoe, King Air C90
145, 434.5841697614469, -3665.919695528719, 447.2637998648793, 257.093870075253, -3.632000681385872, 2.0992969164116158, -0.30937863201948446, -17.547631501498373, 67.89396372776922, 376.16079943117035, -3700.306848467717, 443.54575969982494, 54.23542379824073, 665.7499608702667, 977.2994057074023, Reno Tahoe, King Air C90
146, -376.6440799158163, 4703.615567457642, 44.06765803697067, 359.265225258759, -9.798910624894702, -4.807201236854707, 12.112017521290085, -9.287172829361406, 397.845034014787, -451.21051515007525, 5094.242474663158, 55.51917294705615, 325.31585380733696, 1049.5070335646965, 403.5036585492071, Reno Tahoe, King Air C90
147, 1736.330555618104, -3272.5878169557445, 316.07871798437395, 175.47132127679308, 2.6489617304899866, 3.796057750756318, -10.156638537796061, 15.72049417867943, 300.66667631601035, 1682.7503747345525, -3565.002091223099, 271.09531362122084, 64.96395469126905, 2182.74545021906, 1429.8659915301926, Reno Tahoe, King Air C90
148, -4348.065758508288, 3526.1963882976415, -424.53037881906755, 350.4848449795527, -3.08298573457383, 3.7837903358060587, -13.802857806945067, 0.6930547761525254, 54.27230029368548, -4356.865221114059, 3577.3736396565255, -440.30824243767023, 200.23758236631525, 1517.695209897403, 1600.4262227257043, Reno Tahoe, King Air C90
149, -3463.8705580077276, -3576.853383590432, 157.76475786259925, 196.59926036081774, -0.824059815004957, 2.1818076595786478, -3.6215375329884196, -21.704455467498285, 141.46272760372713, -3450.9855618124893, -3717.4512525125756, 148.93755962722457, 165.6811946155521, 451.993105617986, 1136.3346103661606, Reno Tahoe, King Air C90
150, -559.4575027804513, 1246.7640242252664, 116.72398065830805, 171.77369573102533, 16.20651705323279, -0.8620911424835515, 12.046269119331441, -21.314609878921004, 153.4706196005415, -487.02619035404024, 1130.3711826655936, 185.7141429600929, 196.1070494948629, 476.418631730136, 381.04066274736056, Reno Tahoe, King Air C90
151, 3916.4802956688927, -4783.966463115581, 37.55697541602319, 184.34112331929992, -14.835246717274755, -3.5727190982591175, -8.628105645222437, -18.0099964438432, 369.6892633355837, 4001.274177538443, -5111.358314165751, -111.75720639214524, 336.16811588719037, 643.3932745619317, 1363.9180476750512, Reno Tahoe, King Air C90
152, 2791.227055711054, -2757.2297603669194, 156.95510766006407, 323.4138935424247, -15.838328064054586, -2.663854425745601, -0.8510869670947372, 18.940423613145555, 340.2950575964758, 2695.4464922488805, -2442.705155581505, 69.1992937669872, 23.735901407155417, 2337.66306287483, 994.3769972083375, Reno Tahoe, King Air C90
153, 4443.78565574996, 775.567196640257, -236.73927023910926, 14.586743448780371, 15.499488386920381, 18.74689258605106, 14.326344315052474, -6.782167916574611, 383.23176365471465, 4515.585017605754, 1095.3356806662437, -38.09498279362026, 229.86036454964858, 1165.0374629497048, 311.1930165651281, Reno Tahoe, King Air C90
154, 1812.072997169831, 4374.665902367766, 392.9185502201635, 250.1659103274266, -8.934401913491346, 19.14853121959972, 14.942736516082988, 20.54492372994133, 1352.397173398012, 463.11986499243926, 4470.215379535834, 379.7329817210443, 54.587949634162044, 2415.782448571322, 224.9362230967081, Reno Tahoe, King Air C90
155, -982.5189136239442, -2515.0891791398753, 288.7820929196997, 215.31749496493768, -28.057009536443832, -2.645294022362608, 8.61859912119515, -11.281442067425202, 650.7536475234195, -1223.0633372944276, -3079.880945694575, 72.84471672444343, 339.93443885454525, 957.1360304823692, 558.4386156914063, Reno Tahoe, King Air C90
156, 991.0487066775795, -1200.8067639820465, -30.168734616523125, 19.045977025860044, 6.499820113296417, -0.9248011366319211, 2.764701142504805, 21.511653659252786, 349.8339075977401, 1216.595600699949, -939.236505845766, 25.449262115522217, 153.82686501196142, 2461.355522131428, 833.1961797556651, Reno Tahoe, King Air C90
157, -2346.892208812592, 1170.934424934826, 475.3736803365497, 237.90795290980714, -16.87498059646471, -1.1210131853210117, 5.957777575426647, 14.052082591424274, 701.8400314421195, -3003.875986364144, 957.2746405957955, 351.67548986891495, 160.0844994341519, 2100.349154341483, 675.3716435051954, Reno Tahoe, King Air C90
158, -2928.846920108469, -2901.371063078638, 115.18797224825539, 192.1004728081155, 3.482712643359017, 4.6773953018234895, -13.191330580635242, -17.036711127765976, 91.91658368443555, -2919.765245868278, -2991.8308730247336, 101.65267270487072, 286.5712706561747, 689.531832370862, 1591.243833687554, Reno Tahoe, King Air C90
159, -21.790275480972014, 1436.499725707814, -216.84139654011756, 116.14788151949439, 16.336530184257725, 12.360585804362373, 7.418336018177779, 3.1898240725190696, 218.27773724437728, 150.23205041475725, 1332.2215524967928, -132.10915614886397, 212.61236967749963, 1612.3716094807837, 634.8002426580056, Reno Tahoe, King Air C90
240, -3301.982944792474, -2786.5116979599957, -120.81050404327198, 103.0123035737046, 7.3476815954785755, 6.622273572775038, 6.883409204013681, 22.465199813399842, 374.58589427205123, -3006.3565761939526, -3005.021006011429, -48.884676472591366, 311.10817594789836, 2507.3997467371746, 627.7735575395866, Osh Kosh, Cessna Skyhawk, 0
241, -3702.269704680575, 985.9584633182703, -237.65673423640231, 168.16986930508267, -1.9077696408236489, -3.073172996075974, -14.697139374137462, -7.643636474578663, 1375.5367877525873, -3279.858360385727, -259.9657374514652, -639.331971969601, 33.00389441405964, 1124.5179854001894, 1612.1782305968638, Osh Kosh, Cessna Skyhawk, 0
242, -2259.7445900198486, 4479.885369069014, -58.28621445876911, 206.43432006022488, 17.961981873979845, -13.805290043387599, 10.773367791975645, 24.701907861243484, 430.8754798482121, -2542.6669466076996, 4253.495373756387, 174.8579240040129, 179.64813790921886, 2633.4716506003783, 398.4289474640202, Osh Kosh, Cessna Skyhawk, 0
243, -4638.875522494936, -1355.5486186755015, -16.223513638908287, 218.64807240465282, -10.09301355638544, -1.6096776078302946, 18.615986934428634, 19.920659363548538, 334.607005695019, -4916.20653345621, -1534.2348323513258, 39.63877830818061, 313.40030435834205, 2379.3363577532186, 19.212470570144205, Osh Kosh, Cessna Skyhawk, 0
244, 2471.20853701586, 3254.2735889959004, -250.2087936423061, 79.81342734587554, -9.33508415837551, 2.8709984688673846, -3.4741512445501996, -23.474619202165165, 959.4460096508533, 3250.2160957285887, 3784.3186402694396, -431.140030646345, 288.3683718511581, 349.88590597693417, 1154.0492435447695, Osh Kosh, Cessna Skyhawk, 0
245, 4495.808449639873, 3063.454552428231, 210.81173828984856, 303.78667466212914, 2.959979029780899, -7.146456506697707, -4.419437414060226, 12.905941581633108, 826.3623925025446, 3933.45351400019, 3668.9545155434294, 212.0465547585211, 255.0635493134465, 2044.305885304947, 1164.0827401837473, Osh Kosh, Cessna Skyhawk, 0
246, -3143.051408134759, 1882.0575146974006, -360.11413844279804, 52.97776270145326, 4.924681673112544, 9.135995178897039, 4.987839945210201, -1.3275562626325232, 671.9420364654607, -2618.4756049439425, 2285.2329980333407, -242.74354283686665, 196.17765404202933, 1396.0785853456937, 762.0437226074987, Osh Kosh, Cessna Skyhawk, 0
247, -1156.7457258853333, -909.5838532966281, 388.2724802483102, 263.77086500596465, 22.793448299738994, 8.945832536579683, -4.285468667408967, 9.814331538542852, 163.82668165510327, -1313.3794218830526, -900.9234693529916, 435.4960405775083, 112.48634288492612, 1902.426983229749, 1143.276953828139, Osh Kosh, Cessna Skyhawk, 0
248, -4004.890625129585, -3297.44371892417, 350.2362321171638, 357.58986352262946, 6.013203064656834, 4.351628702862374, 13.19886669059327, 6.301374721909319, 62.04959249743596, -3999.662124887885, -3238.884166778031, 370.0754248115275, 20.5672127310547, 1766.5188842214952, 395.28274850010985, Osh Kosh, Cessna Skyhawk, 0
249, -2744.282217745032, -517.7368917710255, -442.9715736805727, 108.27834869502385, -14.240596076202587, 3.748606256467401, -1.9027701872393479, -22.72029545228245, 466.97207875873295, -2292.194845593549, -476.56059205579805, -552.445052766516, 65.75903052105471, 396.55458555693184, 1070.2929344915274, Osh Kosh, Cessna Skyhawk, 0
250, 2616.518026775312, 976.5097674304661, 445.5507127440965, 326.98717471658244, 0.8868691922688006, 6.699842463616617, -8.5189188653743, 6.441921459956607, 215.66071062864518, 2517.5764801872674, 1165.5716895144762, 414.3144824094727, 329.7229340493549, 1751.5438296856876, 1357.5954468291006, Osh Kosh, Cessna Skyhawk, 0
251, -534.4038048049861, -4639.364406285771, -437.2735246828441, 341.47232774605595, -15.187927490079796, 10.20719689966868, 7.939448596837579, -10.758242119194323, 528.4987559669188, -778.4335352210791, -4173.112362927681, -485.9506013826101, 210.1617019490117, 975.8002261962861, 611.6321544728189, Osh Kosh, Cessna Skyhawk, 0
252, -4149.6128024905665, -2443.7529703794403, 386.3053934749038, 222.76879373200725, -0.6732492387061694, 3.0676972068189325, -12.668123876889364, 15.341765611043613, 591.8061064326627, -4633.480112911805, -2752.431047695777, 241.99760400740905, 174.33712998638356, 2146.9013175003, 1525.3368985704662, Osh Kosh, Cessna Skyhawk, 0
253, -3523.4778394958175, -3412.0820952161293, -164.73517044450261, 335.7362591321626, -15.875233729820184, -7.489656861211426, 0.5959068402607244, -12.839811120833684, 229.919435679301, -3658.062321498126, -3237.533302773696, -230.17738284710146, 353.8659099356104, 873.5369262668959, 940.1869104150295, Osh Kosh, Cessna Skyhawk, 0
254, -3261.9048441317577, 2479.69689983197, -153.3655969735458, 58.771295973728016, 9.622948447509218, -10.429764518316487, 0.5680251721575686, -18.43343717518191, 663.2314818799514, -2834.5092354889975, 2981.4090012524457, -79.2443479432493, 45.5611147165718, 595.7888282968185, 952.9300378114337, Osh Kosh, Cessna Skyhawk, 0
255, 4367.473021784914, -4282.929997540855, 62.67759466586119, 206.23842828123367, -9.816174360692369, -1.3171664228207691, -7.439376591988442, -9.72083984156567, 232.38422629730144, 4305.1352219378205, -4495.819425683261, -6.56486865844812, 215.60201402852124, 1023.7626801595037, 1271.0087069028564, Osh Kosh, Cessna Skyhawk, 0
256, 1934.8487888799955, -3390.60259477038, 438.30149092359716, 61.59313620670171, 13.500884200435507, 2.1715955959218904, 2.3139936246486634, -24.577628266910047, 288.326046298102, 2098.8500727500814, -3166.2740264737886, 515.1922010832801, 295.8075074056009, 285.9893868168889, 873.7937686982875, Osh Kosh, Cessna Skyhawk, 0
257, -3544.6138338083874, -3864.213480865358, 75.76839317046654, 263.3143431089968, -4.370829202735039, -15.039432142777942, 19.89832752967913, 17.38451528363686, 606.2131825781248, -4114.670089371758, -3819.334765991771, 277.05472945751654, 133.30789974216998, 2266.6116414559365, -24.72846580800865, Osh Kosh, Cessna Skyhawk, 0
258, 3136.4726930971547, -2491.6268594409307, 414.1684560922721, 193.8429104087323, 3.8341893807582834, -4.021526525518476, -6.870633460869918, 15.996371717864285, 113.00583640945037, 3079.6783679239034, -2589.2387358879814, 410.08859491814144, 79.689280875925, 2191.098859117801, 1254.7963435856254, Osh Kosh, Cessna Skyhawk, 0
259, -922.3072232544228, -1204.6456259072534, -299.0208619970358, 251.6129063336076, 9.821192392526116, 8.872110865987949, -8.277164555667893, -4.325604471512399, 658.9747470603337, -1524.3195960770754, -1471.387330246731, -272.98850909259687, 27.375730884787256, 1259.4851644556545, 1309.0082597460037, Osh Kosh, Cessna Skyhawk, 0
280, 2443.8174631910124, -1721.5425335846944, 393.5398434896973, 313.4498136280305, 5.230660979104627, -3.3536649695674665, 8.230356109064147, -16.922447031060738, 624.5927809066836, 1894.350358861238, -1455.6602809664264, 525.8601781432669, 28.29538226516348, 691.096639084135, 567.5632213227489, Osh Kosh, Cessna Skyhawk, 0
281, -3063.3021061109234, -4596.671667454213, 425.4878775593505, 220.4631935689316, -6.2009104456821715, -16.835446038255405, -13.52779465482083, 24.91142297277829, 69.85300739722443, -3126.9586879078074, -4621.816727429214, 411.5233440824703, 321.5197925622976, 2654.576281624505, 1617.2033071147844, Osh Kosh, Cessna Skyhawk, 0
282, 2130.6428979476195, 991.2222693961585, 292.8759751392789, 124.4708399715219, -4.066216420697592, -9.320139492587682, -3.8483177727529068, 2.3213132922083766, 198.78489840064938, 2287.205849778533, 871.5003145747125, 266.9890772973329, 50.882285601239346, 1567.2233441318667, 1128.5910044911602, Osh Kosh, Cessna Skyhawk, 0
283, 921.128357842822, 2996.5371793982868, -201.0869236759313, 184.50409484629554, 9.377359869687785, -6.586102434561763, -3.327516259302648, -5.313012508035577, 515.655728105566, 924.7476106063932, 2483.2073155749954, -152.2998163147039, 331.60227633780477, 1221.572192373106, 1083.5043925370082, Osh Kosh, Cessna Skyhawk, 0
284, -3275.812329848492, 1118.8481719881793, -110.20073458784475, 136.57259380272154, 4.577018984011952, 3.233060532001748, -12.04986577329446, -24.59986185942554, 415.7288025644833, -2891.997446533067, 966.2914539542163, -157.561271007648, 20.46394678879565, 294.1393447122614, 1563.487071074178, Osh Kosh, Cessna Skyhawk, 0
285, 1412.7472551071241, -3852.4525550770104, 4.116632362277414, 206.94119337298267, -1.0278114708945896, 3.8596212404432677, 14.2452438384137, -13.883515755386261, 124.49685294301895, 1383.3317637262621, -3969.5402675038335, 34.52490193145337, 160.69632167310607, 824.8231679571883, 272.27137517937126, Osh Kosh, Cessna Skyhawk, 0
286, 4416.354640428364, -265.87581446718104, 214.50492674482655, 353.77887317109787, 0.9359554227579827, -4.901021919238657, -1.2969973065131626, 18.702011217771457, 323.1297139792225, 4486.4214507585875, 49.497638516156655, 221.0653611671186, 218.56379176926154, 2315.624843410172, 1043.937013743279, Osh Kosh, Cessna Skyhawk, 0
287, -4625.309385922962, -2095.3413810961797, 461.88937970718973, 96.74001900242179, 13.079497670123633, 3.9880505918853575, 19.765896136275074, 8.291504488492443, 358.0234880344712, -4335.8578017473565, -2186.836420491614, 651.6978520381939, 256.90534810445973, 1818.6388815669904, 45.12737748511245, Osh Kosh, Cessna Skyhawk, 0
288, 3917.546648640622, -1023.2137316720459, -369.8772249525987, 179.63235321252358, 12.485484687229063, -2.213660845842763, 1.2844812888737742, -17.338239106634916, 803.9106993398594, 4162.3680746706505, -1768.8116433507416, -195.46783308939277, 214.52098611732697, 660.8879779205406, 879.7651038169872, Osh Kosh, Cessna Skyhawk, 0
289, 4844.733517403507, -2358.480088450181, 384.0271323828018, 141.64367160074394, -13.154610947197831, -12.360645839988017, 9.498085248472634, 14.648241355122934, 1441.580680323419, 5484.167148552619, -3650.431822828719, 372.18630160616715, 234.68246866536327, 2129.3002570039093, 500.580465915021, Osh Kosh, Cessna Skyhawk, 0
290, -3934.0553585531757, -45.40788561977115, -106.14852959256802, 322.7408708457879, -8.964840889807537, 24.991117400980947, 1.568006117104126, -0.00703657051334261, 337.5829583298448, -4133.578158868755, 223.27523330746823, -150.44624412153672, 241.60635720230997, 1465.4031720811902, 901.1833505449061, Osh Kosh, Cessna Skyhawk, 0
291, -1926.864450504936, 3892.90891319605, 431.29793590227575, 126.27243913133911, 21.651547591806278, -10.46019441655978, 2.3653196722057537, 10.394459347630992, 32.09802398253282, -1907.1514419810292, 3871.683291109444, 445.1237597676446, 181.44129372437192, 1944.0143146850833, 866.2711110851963, Osh Kosh, Cessna Skyhawk, 0
292, -2688.9358537105654, -1922.3690144129077, -87.36559554705138, 29.411856752453534, 14.270117747129294, -9.548090125206762, 15.032290081607464, -21.19418571488533, 648.8286577785253, -2645.344149732042, -1333.2789459151595, 181.0581025428338, 51.17576698915088, 467.18297138138627, 247.4833314533057, Osh Kosh, Cessna Skyhawk, 0
293, 4124.951500046094, 4052.1591396188014, -499.41146509644665, 262.51469065235074, 11.650996863177115, 13.402587836818574, -1.0127291961309517, 14.47891882929764, 399.17189275916985, 3731.267359410562, 4096.686459867274, -450.746126995384, 247.55848832057345, 2117.048411467367, 994.6808976434537, Osh Kosh, Cessna Skyhawk, 0
294, -2236.873946548729, 2278.5866810210946, 247.19990992140845, 97.49531523450904, -0.08335154362955924, -0.39677798465463715, -19.523320409998227, 19.80921626111352, 599.1473270537349, -1735.5602769311943, 2018.2153594124698, 47.52793128140331, 22.92273502388772, 2386.168370106282, 1921.2172935563603, Osh Kosh, Cessna Skyhawk, 0
295, -4261.067901546866, -483.203116223699, -20.207059162674852, 183.0598854493321, 14.563522825156499, -3.7776111281494917, 13.413706583615706, 12.460317459865223, 737.80393486235, -4437.875030222831, -1107.4018764612924, 331.1756286089034, 271.9513292570065, 2015.379724743882, 311.2113761385658, Osh Kosh, Cessna Skyhawk, 0
296, -1605.2441562348163, 868.5507594585561, -416.5796501782212, 248.77289370475143, -2.453579047096945, 3.7440798249684146, 7.527205095380175, 12.578938228779542, 374.28179522237235, -1974.6109621863563, 815.0235866338494, -388.4750835487013, 310.37145645888177, 2026.5916656509294, 596.7948815681166, Osh Kosh, Cessna Skyhawk, 0
297, -780.1477699509751, 2699.6239631615836, -307.812367761658, 95.41822744176311, -4.469272967898522, 5.359410784931818, -6.983055053466387, 5.645166922102963, 625.3625362156764, -178.44878547127269, 2588.621833675647, -437.09949406503506, 42.94346858170155, 1717.5232567412943, 1282.4177742608151, Osh Kosh, Cessna Skyhawk, 0
298, 405.9097609877672, -1893.6305484315085, -413.19605010122797, 307.90955140485727, 0.5337905920898249, -11.716124291117815, 13.71032566246916, 19.159001582691147, 808.2065888335736, -46.35002479803933, -1270.9322352982656, -166.4050713033975, 46.515677311554136, 2350.509318696787, 310.2594767917906, Osh Kosh, Cessna Skyhawk, 0
299, -2806.611913765554, -3702.872669450051, 303.9461342155529, 199.7980980709007, -11.482732301407381, 14.49168423517073, 18.342233973437104, 5.254833165479251, 657.2561652107297, -3126.105228803596, -4274.257236928751, 362.506909489586, 291.8929424268061, 1680.6397405934063, 87.29162161298927, Osh Kosh, Cessna Skyhawk, 0
300, -1282.2881171785348, 2738.1964344501066, 337.4808760866383, 213.5105935089048, 10.643034029166303, 14.854453981845698, 6.288128782048354, -21.7322368688148, 230.77296125509582, -1330.1459176880105, 2528.9578823803645, 422.24536691032597, 260.18680857581853, 457.1370727415817, 666.8718483030764, Boston, Cessna Skyhawk, 0
301, 4670.9055002631685, -3796.9756164538558, 57.31987247494169, 77.20616584950085, 6.188595999712117, 5.201561168228901, -11.834913708212351, -12.402364026880235, 49.02135680763607, 4714.815427678272, -3775.546190714949, 53.346031743024284, 194.84972859800828, 932.6574827013513, 1516.6886175992663, Boston, Cessna Skyhawk, 0
302, 399.0936135830543, -2098.689503842077, 50.63619442635377, 275.41164853777764, 4.28812451746687, -2.733639420609893, -2.7278078552255245, 18.50079274153508, 387.4472552730699, 45.461376808740454, -1941.0914891785667, 65.55204192996396, 33.468264674992476, 2327.1301393564354, 1084.602537573856, Boston, Cessna Skyhawk, 0
