enc_number,t,x0,y0,z0,v0,dh0,theta0,x1,y1,z1,v1,dh1,theta1
1,0,-4356.529045043626,1953.9014574758528,175.62934888905306,45.73480361886622,0.0,91.2583115501157,-933.6701482450219,2724.018107809426,170.78104882415013,49.05753269787124,0.0,243.73008154136136
1,1,-4310.805270280816,1952.8971251124879,175.62934888905306,45.73480361886622,0.0,91.2583115501157,-977.6609664209188,2702.305221529203,170.78104882415013,49.05753269787124,0.0,243.73008154136136
1,2,-4265.081495518006,1951.8927927491231,175.62934888905306,45.73480361886622,0.0,91.2583115501157,-1021.6517845968156,2680.5923352489804,170.78104882415013,49.05753269787124,0.0,243.73008154136136
1,3,-4219.357720755196,1950.8884603857584,175.62934888905306,45.73480361886622,0.0,91.2583115501157,-1065.6426027727125,2658.879448968758,170.78104882415013,49.05753269787124,0.0,243.73008154136136
1,4,-4173.6339459923865,1949.8841280223937,175.62934888905306,45.73480361886622,0.0,91.2583115501157,-1109.6334209486092,2637.166562688535,170.78104882415013,49.05753269787124,0.0,243.73008154136136
1,5,-4127.910171229577,1948.879795659029,175.62934888905306,45.73480361886622,0.0,91.2583115501157,-1153.6242391245064,2615.4536764083123,170.78104882415013,49.05753269787124,0.0,243.73008154136136
1,6,-4082.1863964667673,1947.875463295664,175.62934888905306,45.73480361886622,0.0,91.2583115501157,-1197.6150573004031,2593.7407901280894,170.78104882415013,49.05753269787124,0.0,243.73008154136136
1,7,-4036.4626217039577,1946.8711309322994,175.62934888905306,45.73480361886622,0.0,91.2583115501157,-1241.6058754763,2572.0279038478666,170.78104882415013,49.05753269787124,0.0,243.73008154136136
1,8,-3990.7388469411476,1945.8667985689347,175.62934888905306,45.73480361886622,0.0,91.2583115501157,-1285.596693652197,2550.3150175676437,170.78104882415013,49.05753269787124,0.0,243.73008154136136
1,9,-3945.015072178338,1944.86246620557,175.62934888905306,45.73480361886622,0.0,91.2583115501157,-1329.5875118280937,2528.602131287421,170.78104882415013,49.05753269787124,0.0,243.73008154136136
1,10,-3899.291297415528,1943.8581338422052,175.62934888905306,45.73480361886622,0.0,91.2583115501157,-1373.5783300039907,2506.8892450071985,170.78104882415013,49.05753269787124,0.0,243.73008154136136
1,11,-3853.5675226527183,1942.8538014788403,175.62934888905306,45.73480361886622,0.0,91.2583115501157,-1417.5691481798876,2485.1763587269756,170.78104882415013,49.05753269787124,0.0,243.73008154136136
1,12,-3807.8437478899086,1941.8494691154756,175.62934888905306,45.73480361886622,0.0,91.2583115501157,-1461.5599663557846,2463.463472446753,170.78104882415013,49.05753269787124,0.0,243.73008154136136
1,13,-3762.119973127099,1940.8451367521109,175.62934888905306,45.73480361886622,0.0,91.2583115501157,-1505.5507845316813,2441.75058616653,170.78104882415013,49.05753269787124,0.0,243.73008154136136
1,14,-3716.3961983642894,1939.8408043887462,175.62934888905306,45.73480361886622,0.0,91.2583115501157,-1549.5416027075782,2420.037699886307,170.78104882415013,49.05753269787124,0.0,243.73008154136136
1,15,-3670.6724236014793,1938.8364720253815,175.62934888905306,45.73480361886622,0.0,91.2583115501157,-1593.532420883475,2398.3248136060847,170.78104882415013,49.05753269787124,0.0,243.73008154136136
1,16,-3624.9486488386697,1937.8321396620165,175.62934888905306,45.73480361886622,0.0,91.2583115501157,-1637.523239059372,2376.611927325862,170.78104882415013,49.05753269787124,0.0,243.73008154136136
1,17,-3579.22487407586,1936.8278072986518,175.62934888905306,45.73480361886622,0.0,91.2583115501157,-1681.5140572352689,2354.899041045639,170.78104882415013,49.05753269787124,0.0,243.73008154136136
1,18,-3533.50109931305,1935.823474935287,175.62934888905306,45.73480361886622,0.0,91.2583115501157,-1725.5048754111658,2333.186154765416,170.78104882415013,49.05753269787124,0.0,243.73008154136136
1,19,-3487.7773245502403,1934.8191425719224,175.62934888905306,45.73480361886622,0.0,91.2583115501157,-1769.4956935870628,2311.4732684851933,170.78104882415013,49.05753269787124,0.0,243.73008154136136
1,20,-3442.0535497874307,1933.8148102085577,175.62934888905306,45.73480361886622,0.0,91.2583115501157,-1813.4865117629595,2289.7603822049705,170.78104882415013,49.05753269787124,0.0,243.73008154136136
1,21,-3396.329775024621,1932.8104778451927,175.62934888905306,45.73480361886622,0.0,91.2583115501157,-1857.4773299388564,2268.0474959247476,170.78104882415013,49.05753269787124,0.0,243.73008154136136
1,22,-3350.606000261811,1931.806145481828,175.62934888905306,45.73480361886622,0.0,91.2583115501157,-1901.4681481147531,2246.3346096445252,170.78104882415013,49.05753269787124,0.0,243.73008154136136
1,23,-3304.8822254990014,1930.8018131184633,175.62934888905306,45.73480361886622,0.0,91.2583115501157,-1945.45896629065,2224.6217233643024,170.78104882415013,49.05753269787124,0.0,243.73008154136136
1,24,-3259.1584507361918,1929.7974807550986,175.62934888905306,45.73480361886622,0.0,91.2583115501157,-1989.449784466547,2202.9088370840796,170.78104882415013,49.05753269787124,0.0,243.73008154136136
1,25,-3213.4346759733817,1928.793148391734,175.62934888905306,45.73480361886622,0.0,91.2583115501157,-2033.440602642444,2181.1959508038567,170.78104882415013,49.05753269787124,0.0,243.73008154136136
1,26,-3167.710901210572,1927.7888160283692,175.62934888905306,45.73480361886622,0.0,91.2583115501157,-2077.431420818341,2159.483064523634,170.78104882415013,49.05753269787124,0.0,243.73008154136136
1,27,-3121.9871264477624,1926.7844836650042,175.62934888905306,45.73480361886622,0.0,91.2583115501157,-2121.4222389942374,2137.7701782434115,170.78104882415013,49.05753269787124,0.0,243.73008154136136
1,28,-3076.263351684953,1925.7801513016395,175.62934888905306,45.73480361886622,0.0,91.2583115501157,-2165.4130571701344,2116.0572919631886,170.78104882415013,49.05753269787124,0.0,243.73008154136136
1,29,-3030.539576922143,1924.7758189382748,175.62934888905306,45.73480361886622,0.0,91.2583115501157,-2209.4038753460313,2094.3444056829658,170.78104882415013,49.05753269787124,0.0,243.73008154136136
1,30,-2984.815802159333,1923.77148657491,175.62934888905306,45.73480361886622,0.0,91.2583115501157,-2253.3946935219283,2072.631519402743,170.78104882415013,49.05753269787124,0.0,243.73008154136136
1,31,-2939.0920273965235,1922.7671542115454,175.62934888905306,45.73480361886622,0.0,91.2583115501157,-2297.385511697825,2050.91863312252,170.78104882415013,49.05753269787124,0.0,243.73008154136136
1,32,-2893.368252633714,1921.7628218481805,175.62934888905306,45.73480361886622,0.0,91.2583115501157,-2341.376329873722,2029.2057468422975,170.78104882415013,49.05753269787124,0.0,243.73008154136136
1,33,-2847.6444778709038,1920.7584894848158,175.62934888905306,45.73480361886622,0.0,91.2583115501157,-2385.367148049619,2007.4928605620746,170.78104882415013,49.05753269787124,0.0,243.73008154136136
1,34,-2801.920703108094,1919.754157121451,175.62934888905306,45.73480361886622,0.0,91.2583115501157,-2429.357966225516,1985.779974281852,170.78104882415013,49.05753269787124,0.0,243.73008154136136
1,35,-2756.1969283452845,1918.7498247580863,175.62934888905306,45.73480361886622,0.0,91.2583115501157,-2473.3487844014126,1964.0670880016291,170.78104882415013,49.05753269787124,0.0,243.73008154136136
1,36,-2710.473153582475,1917.7454923947216,175.62934888905306,45.73480361886622,0.0,91.2583115501157,-2517.3396025773095,1942.3542017214063,170.78104882415013,49.05753269787124,0.0,243.73008154136136
1,37,-2664.7493788196653,1916.7411600313567,175.62934888905306,45.73480361886622,0.0,91.2583115501157,-2561.3304207532065,1920.6413154411837,170.78104882415013,49.05753269787124,0.0,243.73008154136136
1,38,-2619.025604056855,1915.736827667992,175.62934888905306,45.73480361886622,0.0,91.2583115501157,-2605.3212389291034,1898.9284291609608,170.78104882415013,49.05753269787124,0.0,243.73008154136136
1,39,-2573.3018292940455,1914.7324953046273,175.62934888905306,45.73480361886622,0.0,91.2583115501157,-2649.3120571050003,1877.215542880738,170.78104882415013,49.05753269787124,0.0,243.73008154136136
1,40,-2527.578054531236,1913.7281629412626,175.62934888905306,45.73480361886622,0.0,91.2583115501157,-2693.3028752808973,1855.5026566005154,170.78104882415013,49.05753269787124,0.0,243.73008154136136
1,41,-2481.854279768426,1912.7238305778978,175.62934888905306,45.73480361886622,0.0,91.2583115501157,-2737.2936934567942,1833.7897703202925,170.78104882415013,49.05753269787124,0.0,243.73008154136136
1,42,-2436.130505005616,1911.719498214533,175.62934888905306,45.73480361886622,0.0,91.2583115501157,-2781.2845116326907,1812.0768840400697,170.78104882415013,49.05753269787124,0.0,243.73008154136136
1,43,-2390.4067302428066,1910.7151658511682,175.62934888905306,45.73480361886622,0.0,91.2583115501157,-2825.2753298085877,1790.3639977598468,170.78104882415013,49.05753269787124,0.0,243.73008154136136
1,44,-2344.682955479997,1909.7108334878035,175.62934888905306,45.73480361886622,0.0,91.2583115501157,-2869.2661479844846,1768.6511114796242,170.78104882415013,49.05753269787124,0.0,243.73008154136136
1,45,-2298.9591807171873,1908.7065011244388,175.62934888905306,45.73480361886622,0.0,91.2583115501157,-2913.2569661603816,1746.9382251994014,170.78104882415013,49.05753269787124,0.0,243.73008154136136
1,46,-2253.2354059543773,1907.702168761074,175.62934888905306,45.73480361886622,0.0,91.2583115501157,-2957.2477843362785,1725.2253389191787,170.78104882415013,49.05753269787124,0.0,243.73008154136136
1,47,-2207.5116311915676,1906.6978363977091,175.62934888905306,45.73480361886622,0.0,91.2583115501157,-3001.2386025121755,1703.512452638956,170.78104882415013,49.05753269787124,0.0,243.73008154136136
1,48,-2161.787856428758,1905.6935040343444,175.62934888905306,45.73480361886622,0.0,91.2583115501157,-3045.2294206880724,1681.799566358733,170.78104882415013,49.05753269787124,0.0,243.73008154136136
1,49,-2116.064081665948,1904.6891716709797,175.62934888905306,45.73480361886622,0.0,91.2583115501157,-3089.220238863969,1660.0866800785104,170.78104882415013,49.05753269787124,0.0,243.73008154136136
2,0,2237.5614048520206,642.98165702303,-55.2862279440738,54.38447603526271,0.0,311.8475344322238,-1033.4791139340957,1734.919493845673,-74.50580745317524,46.14008989203302,0.0,439.18373324721114
2,1,2197.049170520348,679.2642989208537,-55.2862279440738,54.38447603526271,0.0,311.8475344322238,-988.1587483248018,1743.5781517257847,-74.50580745317524,46.14008989203302,0.0,439.18373324721114
2,2,2156.536936188675,715.5469408186775,-55.2862279440738,54.38447603526271,0.0,311.8475344322238,-942.8383827155083,1752.2368096058963,-74.50580745317524,46.14008989203302,0.0,439.18373324721114
2,3,2116.0247018570026,751.8295827165011,-55.2862279440738,54.38447603526271,0.0,311.8475344322238,-897.5180171062141,1760.8954674860079,-74.50580745317524,46.14008989203302,0.0,439.18373324721114
2,4,2075.51246752533,788.1122246143248,-55.2862279440738,54.38447603526271,0.0,311.8475344322238,-852.1976514969203,1769.5541253661195,-74.50580745317524,46.14008989203302,0.0,439.18373324721114
2,5,2035.0002331936576,824.3948665121486,-55.2862279440738,54.38447603526271,0.0,311.8475344322238,-806.8772858876264,1778.212783246231,-74.50580745317524,46.14008989203302,0.0,439.18373324721114
2,6,1994.487998861985,860.6775084099722,-55.2862279440738,54.38447603526271,0.0,311.8475344322238,-761.5569202783324,1786.8714411263427,-74.50580745317524,46.14008989203302,0.0,439.18373324721114
2,7,1953.9757645303125,896.9601503077961,-55.2862279440738,54.38447603526271,0.0,311.8475344322238,-716.2365546690385,1795.5300990064545,-74.50580745317524,46.14008989203302,0.0,439.18373324721114
2,8,1913.4635301986398,933.2427922056197,-55.2862279440738,54.38447603526271,0.0,311.8475344322238,-670.9161890597447,1804.188756886566,-74.50580745317524,46.14008989203302,0.0,439.18373324721114
2,9,1872.9512958669673,969.5254341034433,-55.2862279440738,54.38447603526271,0.0,311.8475344322238,-625.5958234504508,1812.8474147666777,-74.50580745317524,46.14008989203302,0.0,439.18373324721114
2,10,1832.4390615352945,1005.8080760012672,-55.2862279440738,54.38447603526271,0.0,311.8475344322238,-580.2754578411568,1821.5060726467893,-74.50580745317524,46.14008989203302,0.0,439.18373324721114
2,11,1791.926827203622,1042.0907178990908,-55.2862279440738,54.38447603526271,0.0,311.8475344322238,-534.9550922318629,1830.1647305269012,-74.50580745317524,46.14008989203302,0.0,439.18373324721114
2,12,1751.4145928719495,1078.3733597969144,-55.2862279440738,54.38447603526271,0.0,311.8475344322238,-489.63472662256913,1838.8233884070125,-74.50580745317524,46.14008989203302,0.0,439.18373324721114
2,13,1710.9023585402767,1114.6560016947383,-55.2862279440738,54.38447603526271,0.0,311.8475344322238,-444.3143610132752,1847.4820462871241,-74.50580745317524,46.14008989203302,0.0,439.18373324721114
2,14,1670.3901242086042,1150.938643592562,-55.2862279440738,54.38447603526271,0.0,311.8475344322238,-398.99399540398144,1856.140704167236,-74.50580745317524,46.14008989203302,0.0,439.18373324721114
2,15,1629.8778898769315,1187.2212854903855,-55.2862279440738,54.38447603526271,0.0,311.8475344322238,-353.6736297946874,1864.7993620473474,-74.50580745317524,46.14008989203302,0.0,439.18373324721114
2,16,1589.365655545259,1223.5039273882094,-55.2862279440738,54.38447603526271,0.0,311.8475344322238,-308.3532641853935,1873.4580199274592,-74.50580745317524,46.14008989203302,0.0,439.18373324721114
2,17,1548.8534212135864,1259.7865692860328,-55.2862279440738,54.38447603526271,0.0,311.8475344322238,-263.0328985760997,1882.1166778075708,-74.50580745317524,46.14008989203302,0.0,439.18373324721114
2,18,1508.341186881914,1296.0692111838566,-55.2862279440738,54.38447603526271,0.0,311.8475344322238,-217.71253296680572,1890.7753356876824,-74.50580745317524,46.14008989203302,0.0,439.18373324721114
2,19,1467.8289525502414,1332.3518530816805,-55.2862279440738,54.38447603526271,0.0,311.8475344322238,-172.39216735751177,1899.433993567794,-74.50580745317524,46.14008989203302,0.0,439.18373324721114
2,20,1427.3167182185687,1368.6344949795039,-55.2862279440738,54.38447603526271,0.0,311.8475344322238,-127.07180174821804,1908.0926514479056,-74.50580745317524,46.14008989203302,0.0,439.18373324721114
2,21,1386.804483886896,1404.9171368773277,-55.2862279440738,54.38447603526271,0.0,311.8475344322238,-81.75143613892408,1916.7513093280172,-74.50580745317524,46.14008989203302,0.0,439.18373324721114
2,22,1346.2922495552234,1441.1997787751516,-55.2862279440738,54.38447603526271,0.0,311.8475344322238,-36.43107052963023,1925.4099672081288,-74.50580745317524,46.14008989203302,0.0,439.18373324721114
2,23,1305.780015223551,1477.4824206729752,-55.2862279440738,54.38447603526271,0.0,311.8475344322238,8.889295079663611,1934.0686250882404,-74.50580745317524,46.14008989203302,0.0,439.18373324721114
2,24,1265.2677808918784,1513.7650625707988,-55.2862279440738,54.38447603526271,0.0,311.8475344322238,54.20966068895757,1942.727282968352,-74.50580745317524,46.14008989203302,0.0,439.18373324721114
2,25,1224.7555465602056,1550.0477044686227,-55.2862279440738,54.38447603526271,0.0,311.8475344322238,99.53002629825141,1951.3859408484636,-74.50580745317524,46.14008989203302,0.0,439.18373324721114
2,26,1184.243312228533,1586.3303463664463,-55.2862279440738,54.38447603526271,0.0,311.8475344322238,144.85039190754537,1960.0445987285752,-74.50580745317524,46.14008989203302,0.0,439.18373324721114
2,27,1143.7310778968604,1622.61298826427,-55.2862279440738,54.38447603526271,0.0,311.8475344322238,190.17075751683922,1968.7032566086868,-74.50580745317524,46.14008989203302,0.0,439.18373324721114
2,28,1103.2188435651879,1658.8956301620935,-55.2862279440738,54.38447603526271,0.0,311.8475344322238,235.49112312613306,1977.3619144887987,-74.50580745317524,46.14008989203302,0.0,439.18373324721114
2,29,1062.7066092335153,1695.1782720599174,-55.2862279440738,54.38447603526271,0.0,311.8475344322238,280.811488735427,1986.02057236891,-74.50580745317524,46.14008989203302,0.0,439.18373324721114
2,30,1022.1943749018426,1731.460913957741,-55.2862279440738,54.38447603526271,0.0,311.8475344322238,326.13185434472086,1994.6792302490217,-74.50580745317524,46.14008989203302,0.0,439.18373324721114
2,31,981.6821405701701,1767.7435558555649,-55.2862279440738,54.38447603526271,0.0,311.8475344322238,371.45221995401477,2003.3378881291335,-74.50580745317524,46.14008989203302,0.0,439.18373324721114
2,32,941.1699062384974,1804.0261977533885,-55.2862279440738,54.38447603526271,0.0,311.8475344322238,416.77258556330867,2011.996546009245,-74.50580745317524,46.14008989203302,0.0,439.18373324721114
2,33,900.6576719068248,1840.308839651212,-55.2862279440738,54.38447603526271,0.0,311.8475344322238,462.0929511726025,2020.6552038893567,-74.50580745317524,46.14008989203302,0.0,439.18373324721114
2,34,860.1454375751523,1876.5914815490357,-55.2862279440738,54.38447603526271,0.0,311.8475344322238,507.41331678189647,2029.3138617694683,-74.50580745317524,46.14008989203302,0.0,439.18373324721114
2,35,819.6332032434797,1912.8741234468596,-55.2862279440738,54.38447603526271,0.0,311.8475344322238,552.7336823911903,2037.97251964958,-74.50580745317524,46.14008989203302,0.0,439.18373324721114
2,36,779.120968911807,1949.1567653446832,-55.2862279440738,54.38447603526271,0.0,311.8475344322238,598.0540480004842,2046.6311775296915,-74.50580745317524,46.14008989203302,0.0,439.18373324721114
2,37,738.6087345801345,1985.4394072425068,-55.2862279440738,54.38447603526271,0.0,311.8475344322238,643.3744136097781,2055.2898354098033,-74.50580745317524,46.14008989203302,0.0,439.18373324721114
2,38,698.0965002484619,2021.7220491403307,-55.2862279440738,54.38447603526271,0.0,311.8475344322238,688.694779219072,2063.948493289915,-74.50580745317524,46.14008989203302,0.0,439.18373324721114
2,39,657.5842659167893,2058.0046910381543,-55.2862279440738,54.38447603526271,0.0,311.8475344322238,734.0151448283659,2072.6071511700266,-74.50580745317524,46.14008989203302,0.0,439.18373324721114
2,40,617.0720315851166,2094.287332935978,-55.2862279440738,54.38447603526271,0.0,311.8475344322238,779.3355104376598,2081.265809050138,-74.50580745317524,46.14008989203302,0.0,439.18373324721114
2,41,576.559797253444,2130.5699748338016,-55.2862279440738,54.38447603526271,0.0,311.8475344322238,824.6558760469536,2089.9244669302498,-74.50580745317524,46.14008989203302,0.0,439.18373324721114
2,42,536.0475629217715,2166.8526167316254,-55.2862279440738,54.38447603526271,0.0,311.8475344322238,869.9762416562476,2098.5831248103614,-74.50580745317524,46.14008989203302,0.0,439.18373324721114
2,43,495.53532859009886,2203.1352586294493,-55.2862279440738,54.38447603526271,0.0,311.8475344322238,915.2966072655414,2107.241782690473,-74.50580745317524,46.14008989203302,0.0,439.18373324721114
2,44,455.0230942584262,2239.4179005272726,-55.2862279440738,54.38447603526271,0.0,311.8475344322238,960.6169728748353,2115.9004405705846,-74.50580745317524,46.14008989203302,0.0,439.18373324721114
2,45,414.5108599267537,2275.7005424250965,-55.2862279440738,54.38447603526271,0.0,311.8475344322238,1005.9373384841292,2124.559098450696,-74.50580745317524,46.14008989203302,0.0,439.18373324721114
2,46,373.9986255950811,2311.9831843229204,-55.2862279440738,54.38447603526271,0.0,311.8475344322238,1051.2577040934232,2133.217756330808,-74.50580745317524,46.14008989203302,0.0,439.18373324721114
2,47,333.48639126340845,2348.2658262207437,-55.2862279440738,54.38447603526271,0.0,311.8475344322238,1096.578069702717,2141.8764142109194,-74.50580745317524,46.14008989203302,0.0,439.18373324721114
2,48,292.9741569317359,2384.5484681185676,-55.2862279440738,54.38447603526271,0.0,311.8475344322238,1141.8984353120109,2150.535072091031,-74.50580745317524,46.14008989203302,0.0,439.18373324721114
2,49,252.46192260006325,2420.8311100163914,-55.2862279440738,54.38447603526271,0.0,311.8475344322238,1187.2188009213046,2159.1937299711426,-74.50580745317524,46.14008989203302,0.0,439.18373324721114
3,0,-1568.9995458653202,-3900.6347777759424,-302.62560401295246,50.67253093633498,0.0,95.96748823666478,1887.3970371191494,-5368.345530484817,-275.5775887207846,50.479552556246176,0.0,310.25298550288375
3,1,-1518.6016069111859,-3905.9029027430606,-302.62560401295246,50.67253093633498,0.0,95.96748823666478,1848.8711031201924,-5335.727473587037,-275.5775887207846,50.479552556246176,0.0,310.25298550288375
3,2,-1468.2036679570515,-3911.1710277101784,-302.62560401295246,50.67253093633498,0.0,95.96748823666478,1810.3451691212356,-5303.109416689256,-275.5775887207846,50.479552556246176,0.0,310.25298550288375
3,3,-1417.8057290029171,-3916.439152677296,-302.62560401295246,50.67253093633498,0.0,95.96748823666478,1771.8192351222788,-5270.491359791476,-275.5775887207846,50.479552556246176,0.0,310.25298550288375
3,4,-1367.4077900487828,-3921.707277644414,-302.62560401295246,50.67253093633498,0.0,95.96748823666478,1733.293301123322,-5237.873302893695,-275.5775887207846,50.479552556246176,0.0,310.25298550288375
3,5,-1317.0098510946484,-3926.975402611532,-302.62560401295246,50.67253093633498,0.0,95.96748823666478,1694.767367124365,-5205.255245995915,-275.5775887207846,50.479552556246176,0.0,310.25298550288375
3,6,-1266.611912140514,-3932.2435275786497,-302.62560401295246,50.67253093633498,0.0,95.96748823666478,1656.241433125408,-5172.6371890981345,-275.5775887207846,50.479552556246176,0.0,310.25298550288375
3,7,-1216.2139731863797,-3937.5116525457674,-302.62560401295246,50.67253093633498,0.0,95.96748823666478,1617.7154991264513,-5140.019132200354,-275.5775887207846,50.479552556246176,0.0,310.25298550288375
3,8,-1165.816034232245,-3942.779777512885,-302.62560401295246,50.67253093633498,0.0,95.96748823666478,1579.1895651274945,-5107.401075302574,-275.5775887207846,50.479552556246176,0.0,310.25298550288375
3,9,-1115.418095278111,-3948.047902480003,-302.62560401295246,50.67253093633498,0.0,95.96748823666478,1540.6636311285376,-5074.783018404793,-275.5775887207846,50.479552556246176,0.0,310.25298550288375
3,10,-1065.0201563239764,-3953.316027447121,-302.62560401295246,50.67253093633498,0.0,95.96748823666478,1502.1376971295806,-5042.164961507013,-275.5775887207846,50.479552556246176,0.0,310.25298550288375
3,11,-1014.6222173698422,-3958.584152414239,-302.62560401295246,50.67253093633498,0.0,95.96748823666478,1463.6117631306238,-5009.546904609232,-275.5775887207846,50.479552556246176,0.0,310.25298550288375
3,12,-964.2242784157077,-3963.8522773813565,-302.62560401295246,50.67253093633498,0.0,95.96748823666478,1425.085829131667,-4976.928847711452,-275.5775887207846,50.479552556246176,0.0,310.25298550288375
3,13,-913.8263394615735,-3969.1204023484743,-302.62560401295246,50.67253093633498,0.0,95.96748823666478,1386.5598951327102,-4944.310790813672,-275.5775887207846,50.479552556246176,0.0,310.25298550288375
3,14,-863.4284005074389,-3974.388527315592,-302.62560401295246,50.67253093633498,0.0,95.96748823666478,1348.033961133753,-4911.692733915891,-275.5775887207846,50.479552556246176,0.0,310.25298550288375
3,15,-813.0304615533046,-3979.65665228271,-302.62560401295246,50.67253093633498,0.0,95.96748823666478,1309.5080271347965,-4879.07467701811,-275.5775887207846,50.479552556246176,0.0,310.25298550288375
3,16,-762.6325225991702,-3984.924777249828,-302.62560401295246,50.67253093633498,0.0,95.96748823666478,1270.9820931358397,-4846.456620120331,-275.5775887207846,50.479552556246176,0.0,310.25298550288375
3,17,-712.2345836450356,-3990.1929022169456,-302.62560401295246,50.67253093633498,0.0,95.96748823666478,1232.456159136883,-4813.83856322255,-275.5775887207846,50.479552556246176,0.0,310.25298550288375
3,18,-661.8366446909015,-3995.4610271840634,-302.62560401295246,50.67253093633498,0.0,95.96748823666478,1193.930225137926,-4781.220506324769,-275.5775887207846,50.479552556246176,0.0,310.25298550288375
3,19,-611.438705736767,-4000.7291521511816,-302.62560401295246,50.67253093633498,0.0,95.96748823666478,1155.4042911389693,-4748.60244942699,-275.5775887207846,50.479552556246176,0.0,310.25298550288375
3,20,-561.0407667826327,-4005.9972771182993,-302.62560401295246,50.67253093633498,0.0,95.96748823666478,1116.8783571400122,-4715.984392529209,-275.5775887207846,50.479552556246176,0.0,310.25298550288375
3,21,-510.6428278284983,-4011.265402085417,-302.62560401295246,50.67253093633498,0.0,95.96748823666478,1078.3524231410556,-4683.366335631428,-275.5775887207846,50.479552556246176,0.0,310.25298550288375
3,22,-460.24488887436394,-4016.5335270525347,-302.62560401295246,50.67253093633498,0.0,95.96748823666478,1039.8264891420986,-4650.748278733648,-275.5775887207846,50.479552556246176,0.0,310.25298550288375
3,23,-409.8469499202296,-4021.8016520196525,-302.62560401295246,50.67253093633498,0.0,95.96748823666478,1001.3005551431418,-4618.130221835868,-275.5775887207846,50.479552556246176,0.0,310.25298550288375
3,24,-359.4490109660952,-4027.0697769867706,-302.62560401295246,50.67253093633498,0.0,95.96748823666478,962.774621144185,-4585.512164938087,-275.5775887207846,50.479552556246176,0.0,310.25298550288375
3,25,-309.05107201196085,-4032.3379019538884,-302.62560401295246,50.67253093633498,0.0,95.96748823666478,924.2486871452281,-4552.8941080403065,-275.5775887207846,50.479552556246176,0.0,310.25298550288375
3,26,-258.6531330578265,-4037.606026921006,-302.62560401295246,50.67253093633498,0.0,95.96748823666478,885.7227531462713,-4520.276051142526,-275.5775887207846,50.479552556246176,0.0,310.25298550288375
3,27,-208.25519410369202,-4042.874151888124,-302.62560401295246,50.67253093633498,0.0,95.96748823666478,847.1968191473143,-4487.657994244746,-275.5775887207846,50.479552556246176,0.0,310.25298550288375
3,28,-157.85725514955755,-4048.142276855242,-302.62560401295246,50.67253093633498,0.0,95.96748823666478,808.6708851483576,-4455.039937346965,-275.5775887207846,50.479552556246176,0.0,310.25298550288375
3,29,-107.45931619542324,-4053.4104018223597,-302.62560401295246,50.67253093633498,0.0,95.96748823666478,770.1449511494006,-4422.421880449185,-275.5775887207846,50.479552556246176,0.0,310.25298550288375
3,30,-57.06137724128888,-4058.6785267894775,-302.62560401295246,50.67253093633498,0.0,95.96748823666478,731.6190171504438,-4389.803823551405,-275.5775887207846,50.479552556246176,0.0,310.25298550288375
3,31,-6.66343828715452,-4063.946651756595,-302.62560401295246,50.67253093633498,0.0,95.96748823666478,693.093083151487,-4357.185766653624,-275.5775887207846,50.479552556246176,0.0,310.25298550288375
3,32,43.73450066697984,-4069.214776723713,-302.62560401295246,50.67253093633498,0.0,95.96748823666478,654.5671491525302,-4324.567709755844,-275.5775887207846,50.479552556246176,0.0,310.25298550288375
3,33,94.13243962111426,-4074.482901690831,-302.62560401295246,50.67253093633498,0.0,95.96748823666478,616.0412151535733,-4291.949652858063,-275.5775887207846,50.479552556246176,0.0,310.25298550288375
3,34,144.53037857524865,-4079.751026657949,-302.62560401295246,50.67253093633498,0.0,95.96748823666478,577.5152811546164,-4259.331595960283,-275.5775887207846,50.479552556246176,0.0,310.25298550288375
3,35,194.928317529383,-4085.0191516250666,-302.62560401295246,50.67253093633498,0.0,95.96748823666478,538.9893471556595,-4226.713539062503,-275.5775887207846,50.479552556246176,0.0,310.25298550288375
3,36,245.3262564835174,-4090.2872765921843,-302.62560401295246,50.67253093633498,0.0,95.96748823666478,500.4634131567027,-4194.095482164722,-275.5775887207846,50.479552556246176,0.0,310.25298550288375
3,37,295.72419543765176,-4095.5554015593025,-302.62560401295246,50.67253093633498,0.0,95.96748823666478,461.9374791577459,-4161.477425266941,-275.5775887207846,50.479552556246176,0.0,310.25298550288375
3,38,346.1221343917862,-4100.82352652642,-302.62560401295246,50.67253093633498,0.0,95.96748823666478,423.411545158789,-4128.8593683691615,-275.5775887207846,50.479552556246176,0.0,310.25298550288375
3,39,396.52007334592054,-4106.091651493538,-302.62560401295246,50.67253093633498,0.0,95.96748823666478,384.88561115983214,-4096.241311471381,-275.5775887207846,50.479552556246176,0.0,310.25298550288375
3,40,446.9180123000549,-4111.359776460656,-302.62560401295246,50.67253093633498,0.0,95.96748823666478,346.3596771608753,-4063.6232545736007,-275.5775887207846,50.479552556246176,0.0,310.25298550288375
3,41,497.3159512541893,-4116.627901427773,-302.62560401295246,50.67253093633498,0.0,95.96748823666478,307.83374316191845,-4031.00519767582,-275.5775887207846,50.479552556246176,0.0,310.25298550288375
3,42,547.7138902083236,-4121.896026394891,-302.62560401295246,50.67253093633498,0.0,95.96748823666478,269.3078091629616,-3998.38714077804,-275.5775887207846,50.479552556246176,0.0,310.25298550288375
3,43,598.1118291624581,-4127.164151362009,-302.62560401295246,50.67253093633498,0.0,95.96748823666478,230.78187516400473,-3965.769083880259,-275.5775887207846,50.479552556246176,0.0,310.25298550288375
3,44,648.5097681165925,-4132.4322763291275,-302.62560401295246,50.67253093633498,0.0,95.96748823666478,192.2559411650479,-3933.151026982479,-275.5775887207846,50.479552556246176,0.0,310.25298550288375
3,45,698.9077070707268,-4137.700401296245,-302.62560401295246,50.67253093633498,0.0,95.96748823666478,153.73000716609107,-3900.5329700846983,-275.5775887207846,50.479552556246176,0.0,310.25298550288375
3,46,749.3056460248613,-4142.968526263363,-302.62560401295246,50.67253093633498,0.0,95.96748823666478,115.2040731671342,-3867.914913186918,-275.5775887207846,50.479552556246176,0.0,310.25298550288375
3,47,799.7035849789957,-4148.236651230481,-302.62560401295246,50.67253093633498,0.0,95.96748823666478,76.67813916817738,-3835.2968562891374,-275.5775887207846,50.479552556246176,0.0,310.25298550288375
3,48,850.10152393313,-4153.504776197598,-302.62560401295246,50.67253093633498,0.0,95.96748823666478,38.15220516922051,-3802.678799391357,-275.5775887207846,50.479552556246176,0.0,310.25298550288375
3,49,900.4994628872644,-4158.772901164716,-302.62560401295246,50.67253093633498,0.0,95.96748823666478,-0.3737288297363648,-3770.060742493577,-275.5775887207846,50.479552556246176,0.0,310.25298550288375
4,0,-2990.0553283107674,-1619.486445173378,346.6203427024599,46.40485974895093,0.0,233.02824597660975,-4753.0004236653895,-4672.672516902347,354.33922631803114,51.59263950852135,0.0,369.1666832525901
4,1,-3027.129660311123,-1647.3953132093122,346.6203427024599,46.40485974895093,0.0,233.02824597660975,-4744.781347105699,-4621.738763536212,354.33922631803114,51.59263950852135,0.0,369.1666832525901
4,2,-3064.203992311479,-1675.3041812452466,346.6203427024599,46.40485974895093,0.0,233.02824597660975,-4736.562270546009,-4570.805010170078,354.33922631803114,51.59263950852135,0.0,369.1666832525901
4,3,-3101.278324311835,-1703.2130492811807,346.6203427024599,46.40485974895093,0.0,233.02824597660975,-4728.3431939863185,-4519.871256803944,354.33922631803114,51.59263950852135,0.0,369.1666832525901
4,4,-3138.352656312191,-1731.121917317115,346.6203427024599,46.40485974895093,0.0,233.02824597660975,-4720.124117426629,-4468.93750343781,354.33922631803114,51.59263950852135,0.0,369.1666832525901
4,5,-3175.426988312547,-1759.0307853530494,346.6203427024599,46.40485974895093,0.0,233.02824597660975,-4711.905040866938,-4418.003750071675,354.33922631803114,51.59263950852135,0.0,369.1666832525901
4,6,-3212.501320312903,-1786.9396533889835,346.6203427024599,46.40485974895093,0.0,233.02824597660975,-4703.6859643072485,-4367.069996705541,354.33922631803114,51.59263950852135,0.0,369.1666832525901
4,7,-3249.5756523132586,-1814.8485214249179,346.6203427024599,46.40485974895093,0.0,233.02824597660975,-4695.466887747558,-4316.136243339407,354.33922631803114,51.59263950852135,0.0,369.1666832525901
4,8,-3286.6499843136144,-1842.7573894608522,346.6203427024599,46.40485974895093,0.0,233.02824597660975,-4687.247811187868,-4265.202489973272,354.33922631803114,51.59263950852135,0.0,369.1666832525901
4,9,-3323.72431631397,-1870.6662574967863,346.6203427024599,46.40485974895093,0.0,233.02824597660975,-4679.0287346281775,-4214.268736607139,354.33922631803114,51.59263950852135,0.0,369.1666832525901
4,10,-3360.7986483143263,-1898.5751255327204,346.6203427024599,46.40485974895093,0.0,233.02824597660975,-4670.809658068487,-4163.334983241004,354.33922631803114,51.59263950852135,0.0,369.1666832525901
4,11,-3397.872980314682,-1926.483993568655,346.6203427024599,46.40485974895093,0.0,233.02824597660975,-4662.590581508797,-4112.401229874869,354.33922631803114,51.59263950852135,0.0,369.1666832525901
4,12,-3434.9473123150383,-1954.3928616045891,346.6203427024599,46.40485974895093,0.0,233.02824597660975,-4654.3715049491075,-4061.4674765087357,354.33922631803114,51.59263950852135,0.0,369.1666832525901
4,13,-3472.021644315394,-1982.3017296405235,346.6203427024599,46.40485974895093,0.0,233.02824597660975,-4646.152428389417,-4010.533723142601,354.33922631803114,51.59263950852135,0.0,369.1666832525901
4,14,-3509.09597631575,-2010.2105976764578,346.6203427024599,46.40485974895093,0.0,233.02824597660975,-4637.933351829727,-3959.5999697764673,354.33922631803114,51.59263950852135,0.0,369.1666832525901
4,15,-3546.170308316106,-2038.119465712392,346.6203427024599,46.40485974895093,0.0,233.02824597660975,-4629.7142752700365,-3908.666216410333,354.33922631803114,51.59263950852135,0.0,369.1666832525901
4,16,-3583.2446403164618,-2066.028333748326,346.6203427024599,46.40485974895093,0.0,233.02824597660975,-4621.495198710347,-3857.732463044199,354.33922631803114,51.59263950852135,0.0,369.1666832525901
4,17,-3620.3189723168175,-2093.9372017842607,346.6203427024599,46.40485974895093,0.0,233.02824597660975,-4613.276122150656,-3806.7987096780644,354.33922631803114,51.59263950852135,0.0,369.1666832525901
4,18,-3657.3933043171737,-2121.8460698201948,346.6203427024599,46.40485974895093,0.0,233.02824597660975,-4605.057045590966,-3755.86495631193,354.33922631803114,51.59263950852135,0.0,369.1666832525901
4,19,-3694.4676363175295,-2149.754937856129,346.6203427024599,46.40485974895093,0.0,233.02824597660975,-4596.837969031276,-3704.931202945796,354.33922631803114,51.59263950852135,0.0,369.1666832525901
4,20,-3731.541968317885,-2177.6638058920635,346.6203427024599,46.40485974895093,0.0,233.02824597660975,-4588.618892471585,-3653.997449579662,354.33922631803114,51.59263950852135,0.0,369.1666832525901
4,21,-3768.616300318241,-2205.5726739279976,346.6203427024599,46.40485974895093,0.0,233.02824597660975,-4580.3998159118955,-3603.0636962135277,354.33922631803114,51.59263950852135,0.0,369.1666832525901
4,22,-3805.690632318597,-2233.4815419639317,346.6203427024599,46.40485974895093,0.0,233.02824597660975,-4572.180739352205,-3552.1299428473935,354.33922631803114,51.59263950852135,0.0,369.1666832525901
4,23,-3842.764964318953,-2261.3904099998663,346.6203427024599,46.40485974895093,0.0,233.02824597660975,-4563.961662792515,-3501.1961894812594,354.33922631803114,51.59263950852135,0.0,369.1666832525901
4,24,-3879.8392963193087,-2289.2992780358004,346.6203427024599,46.40485974895093,0.0,233.02824597660975,-4555.742586232825,-3450.262436115125,354.33922631803114,51.59263950852135,0.0,369.1666832525901
4,25,-3916.913628319665,-2317.2081460717345,346.6203427024599,46.40485974895093,0.0,233.02824597660975,-4547.523509673135,-3399.328682748991,354.33922631803114,51.59263950852135,0.0,369.1666832525901
4,26,-3953.9879603200206,-2345.117014107669,346.6203427024599,46.40485974895093,0.0,233.02824597660975,-4539.304433113444,-3348.3949293828564,354.33922631803114,51.59263950852135,0.0,369.1666832525901
4,27,-3991.0622923203764,-2373.025882143603,346.6203427024599,46.40485974895093,0.0,233.02824597660975,-4531.0853565537545,-3297.461176016722,354.33922631803114,51.59263950852135,0.0,369.1666832525901
4,28,-4028.1366243207326,-2400.9347501795373,346.6203427024599,46.40485974895093,0.0,233.02824597660975,-4522.866279994064,-3246.527422650588,354.33922631803114,51.59263950852135,0.0,369.1666832525901
4,29,-4065.2109563210884,-2428.843618215472,346.6203427024599,46.40485974895093,0.0,233.02824597660975,-4514.647203434374,-3195.593669284454,354.33922631803114,51.59263950852135,0.0,369.1666832525901
4,30,-4102.285288321445,-2456.752486251406,346.6203427024599,46.40485974895093,0.0,233.02824597660975,-4506.428126874684,-3144.6599159183197,354.33922631803114,51.59263950852135,0.0,369.1666832525901
4,31,-4139.3596203218,-2484.66135428734,346.6203427024599,46.40485974895093,0.0,233.02824597660975,-4498.209050314993,-3093.7261625521855,354.33922631803114,51.59263950852135,0.0,369.1666832525901
4,32,-4176.433952322156,-2512.5702223232747,346.6203427024599,46.40485974895093,0.0,233.02824597660975,-4489.989973755303,-3042.7924091860514,354.33922631803114,51.59263950852135,0.0,369.1666832525901
4,33,-4213.508284322512,-2540.479090359209,346.6203427024599,46.40485974895093,0.0,233.02824597660975,-4481.770897195613,-2991.858655819917,354.33922631803114,51.59263950852135,0.0,369.1666832525901
4,34,-4250.582616322868,-2568.387958395143,346.6203427024599,46.40485974895093,0.0,233.02824597660975,-4473.551820635923,-2940.9249024537826,354.33922631803114,51.59263950852135,0.0,369.1666832525901
4,35,-4287.656948323223,-2596.2968264310775,346.6203427024599,46.40485974895093,0.0,233.02824597660975,-4465.332744076232,-2889.9911490876484,354.33922631803114,51.59263950852135,0.0,369.1666832525901
4,36,-4324.73128032358,-2624.2056944670117,346.6203427024599,46.40485974895093,0.0,233.02824597660975,-4457.113667516543,-2839.0573957215142,354.33922631803114,51.59263950852135,0.0,369.1666832525901
4,37,-4361.805612323936,-2652.114562502946,346.6203427024599,46.40485974895093,0.0,233.02824597660975,-4448.894590956852,-2788.12364235538,354.33922631803114,51.59263950852135,0.0,369.1666832525901
4,38,-4398.8799443242915,-2680.0234305388803,346.6203427024599,46.40485974895093,0.0,233.02824597660975,-4440.675514397162,-2737.189888989246,354.33922631803114,51.59263950852135,0.0,369.1666832525901
4,39,-4435.954276324647,-2707.9322985748145,346.6203427024599,46.40485974895093,0.0,233.02824597660975,-4432.456437837472,-2686.2561356231117,354.33922631803114,51.59263950852135,0.0,369.1666832525901
4,40,-4473.028608325003,-2735.8411666107486,346.6203427024599,46.40485974895093,0.0,233.02824597660975,-4424.237361277782,-2635.3223822569776,354.33922631803114,51.59263950852135,0.0,369.1666832525901
4,41,-4510.102940325359,-2763.750034646683,346.6203427024599,46.40485974895093,0.0,233.02824597660975,-4416.018284718091,-2584.3886288908434,354.33922631803114,51.59263950852135,0.0,369.1666832525901
4,42,-4547.1772723257145,-2791.6589026826173,346.6203427024599,46.40485974895093,0.0,233.02824597660975,-4407.799208158402,-2533.4548755247088,354.33922631803114,51.59263950852135,0.0,369.1666832525901
4,43,-4584.251604326071,-2819.5677707185514,346.6203427024599,46.40485974895093,0.0,233.02824597660975,-4399.580131598711,-2482.5211221585746,354.33922631803114,51.59263950852135,0.0,369.1666832525901
4,44,-4621.325936326427,-2847.476638754486,346.6203427024599,46.40485974895093,0.0,233.02824597660975,-4391.361055039021,-2431.5873687924404,354.33922631803114,51.59263950852135,0.0,369.1666832525901
4,45,-4658.400268326783,-2875.38550679042,346.6203427024599,46.40485974895093,0.0,233.02824597660975,-4383.141978479331,-2380.6536154263063,354.33922631803114,51.59263950852135,0.0,369.1666832525901
4,46,-4695.474600327138,-2903.294374826354,346.6203427024599,46.40485974895093,0.0,233.02824597660975,-4374.92290191964,-2329.719862060172,354.33922631803114,51.59263950852135,0.0,369.1666832525901
4,47,-4732.548932327494,-2931.203242862289,346.6203427024599,46.40485974895093,0.0,233.02824597660975,-4366.70382535995,-2278.786108694038,354.33922631803114,51.59263950852135,0.0,369.1666832525901
4,48,-4769.62326432785,-2959.112110898223,346.6203427024599,46.40485974895093,0.0,233.02824597660975,-4358.48474880026,-2227.8523553279038,354.33922631803114,51.59263950852135,0.0,369.1666832525901
4,49,-4806.697596328207,-2987.020978934157,346.6203427024599,46.40485974895093,0.0,233.02824597660975,-4350.26567224057,-2176.9186019617696,354.33922631803114,51.59263950852135,0.0,369.1666832525901
5,0,-906.50809092905,-3065.227861978876,28.986118302404634,48.55662462682786,0.0,188.41663983367874,-1026.1513183475276,-6675.749334965996,23.6058543873208,45.721214917635486,0.0,354.818281963436
5,1,-913.615339941781,-3113.261525243525,28.986118302404634,48.55662462682786,0.0,188.41663983367874,-1030.2806211099632,-6630.214970445991,23.6058543873208,45.721214917635486,0.0,354.818281963436
5,2,-920.722588954512,-3161.295188508174,28.986118302404634,48.55662462682786,0.0,188.41663983367874,-1034.4099238723988,-6584.680605925985,23.6058543873208,45.721214917635486,0.0,354.818281963436
5,3,-927.829837967243,-3209.3288517728233,28.986118302404634,48.55662462682786,0.0,188.41663983367874,-1038.5392266348344,-6539.146241405979,23.6058543873208,45.721214917635486,0.0,354.818281963436
5,4,-934.9370869799739,-3257.362515037472,28.986118302404634,48.55662462682786,0.0,188.41663983367874,-1042.66852939727,-6493.611876885973,23.6058543873208,45.721214917635486,0.0,354.818281963436
5,5,-942.0443359927049,-3305.3961783021214,28.986118302404634,48.55662462682786,0.0,188.41663983367874,-1046.7978321597054,-6448.077512365968,23.6058543873208,45.721214917635486,0.0,354.818281963436
5,6,-949.1515850054359,-3353.4298415667704,28.986118302404634,48.55662462682786,0.0,188.41663983367874,-1050.927134922141,-6402.543147845962,23.6058543873208,45.721214917635486,0.0,354.818281963436
5,7,-956.2588340181668,-3401.4635048314194,28.986118302404634,48.55662462682786,0.0,188.41663983367874,-1055.0564376845766,-6357.008783325957,23.6058543873208,45.721214917635486,0.0,354.818281963436
5,8,-963.3660830308978,-3449.497168096069,28.986118302404634,48.55662462682786,0.0,188.41663983367874,-1059.1857404470122,-6311.47441880595,23.6058543873208,45.721214917635486,0.0,354.818281963436
5,9,-970.4733320436287,-3497.530831360718,28.986118302404634,48.55662462682786,0.0,188.41663983367874,-1063.3150432094478,-6265.940054285945,23.6058543873208,45.721214917635486,0.0,354.818281963436
5,10,-977.5805810563597,-3545.564494625367,28.986118302404634,48.55662462682786,0.0,188.41663983367874,-1067.4443459718834,-6220.405689765939,23.6058543873208,45.721214917635486,0.0,354.818281963436
5,11,-984.6878300690906,-3593.598157890016,28.986118302404634,48.55662462682786,0.0,188.41663983367874,-1071.5736487343188,-6174.871325245933,23.6058543873208,45.721214917635486,0.0,354.818281963436
5,12,-991.7950790818217,-3641.631821154665,28.986118302404634,48.55662462682786,0.0,188.41663983367874,-1075.7029514967544,-6129.336960725927,23.6058543873208,45.721214917635486,0.0,354.818281963436
5,13,-998.9023280945526,-3689.6654844193145,28.986118302404634,48.55662462682786,0.0,188.41663983367874,-1079.83225425919,-6083.802596205922,23.6058543873208,45.721214917635486,0.0,354.818281963436
5,14,-1006.0095771072836,-3737.699147683963,28.986118302404634,48.55662462682786,0.0,188.41663983367874,-1083.9615570216256,-6038.268231685916,23.6058543873208,45.721214917635486,0.0,354.818281963436
5,15,-1013.1168261200146,-3785.7328109486125,28.986118302404634,48.55662462682786,0.0,188.41663983367874,-1088.0908597840612,-5992.733867165911,23.6058543873208,45.721214917635486,0.0,354.818281963436
5,16,-1020.2240751327455,-3833.7664742132615,28.986118302404634,48.55662462682786,0.0,188.41663983367874,-1092.2201625464968,-5947.199502645904,23.6058543873208,45.721214917635486,0.0,354.818281963436
5,17,-1027.3313241454764,-3881.8001374779105,28.986118302404634,48.55662462682786,0.0,188.41663983367874,-1096.3494653089324,-5901.665138125899,23.6058543873208,45.721214917635486,0.0,354.818281963436
5,18,-1034.4385731582074,-3929.8338007425596,28.986118302404634,48.55662462682786,0.0,188.41663983367874,-1100.478768071368,-5856.130773605893,23.6058543873208,45.721214917635486,0.0,354.818281963436
5,19,-1041.5458221709384,-3977.8674640072086,28.986118302404634,48.55662462682786,0.0,188.41663983367874,-1104.6080708338034,-5810.596409085888,23.6058543873208,45.721214917635486,0.0,354.818281963436
5,20,-1048.6530711836695,-4025.901127271858,28.986118302404634,48.55662462682786,0.0,188.41663983367874,-1108.737373596239,-5765.062044565882,23.6058543873208,45.721214917635486,0.0,354.818281963436
5,21,-1055.7603201964002,-4073.934790536507,28.986118302404634,48.55662462682786,0.0,188.41663983367874,-1112.8666763586746,-5719.527680045876,23.6058543873208,45.721214917635486,0.0,354.818281963436
5,22,-1062.8675692091313,-4121.968453801156,28.986118302404634,48.55662462682786,0.0,188.41663983367874,-1116.9959791211102,-5673.9933155258705,23.6058543873208,45.721214917635486,0.0,354.818281963436
5,23,-1069.9748182218623,-4170.002117065806,28.986118302404634,48.55662462682786,0.0,188.41663983367874,-1121.1252818835458,-5628.458951005865,23.6058543873208,45.721214917635486,0.0,354.818281963436
5,24,-1077.0820672345933,-4218.035780330454,28.986118302404634,48.55662462682786,0.0,188.41663983367874,-1125.2545846459814,-5582.924586485859,23.6058543873208,45.721214917635486,0.0,354.818281963436
5,25,-1084.189316247324,-4266.069443595104,28.986118302404634,48.55662462682786,0.0,188.41663983367874,-1129.383887408417,-5537.390221965854,23.6058543873208,45.721214917635486,0.0,354.818281963436
5,26,-1091.296565260055,-4314.103106859752,28.986118302404634,48.55662462682786,0.0,188.41663983367874,-1133.5131901708526,-5491.8558574458475,23.6058543873208,45.721214917635486,0.0,354.818281963436
5,27,-1098.4038142727861,-4362.136770124402,28.986118302404634,48.55662462682786,0.0,188.41663983367874,-1137.642492933288,-5446.321492925842,23.6058543873208,45.721214917635486,0.0,354.818281963436
5,28,-1105.5110632855171,-4410.17043338905,28.986118302404634,48.55662462682786,0.0,188.41663983367874,-1141.7717956957235,-5400.7871284058365,23.6058543873208,45.721214917635486,0.0,354.818281963436
5,29,-1112.618312298248,-4458.2040966537,28.986118302404634,48.55662462682786,0.0,188.41663983367874,-1145.9010984581591,-5355.252763885831,23.6058543873208,45.721214917635486,0.0,354.818281963436
5,30,-1119.725561310979,-4506.237759918349,28.986118302404634,48.55662462682786,0.0,188.41663983367874,-1150.0304012205947,-5309.718399365825,23.6058543873208,45.721214917635486,0.0,354.818281963436
5,31,-1126.83281032371,-4554.271423182998,28.986118302404634,48.55662462682786,0.0,188.41663983367874,-1154.1597039830303,-5264.184034845819,23.6058543873208,45.721214917635486,0.0,354.818281963436
5,32,-1133.940059336441,-4602.305086447647,28.986118302404634,48.55662462682786,0.0,188.41663983367874,-1158.289006745466,-5218.6496703258135,23.6058543873208,45.721214917635486,0.0,354.818281963436
5,33,-1141.0473083491718,-4650.338749712297,28.986118302404634,48.55662462682786,0.0,188.41663983367874,-1162.4183095079015,-5173.115305805808,23.6058543873208,45.721214917635486,0.0,354.818281963436
5,34,-1148.1545573619028,-4698.372412976945,28.986118302404634,48.55662462682786,0.0,188.41663983367874,-1166.547612270337,-5127.580941285802,23.6058543873208,45.721214917635486,0.0,354.818281963436
5,35,-1155.2618063746338,-4746.406076241595,28.986118302404634,48.55662462682786,0.0,188.41663983367874,-1170.6769150327725,-5082.046576765796,23.6058543873208,45.721214917635486,0.0,354.818281963436
5,36,-1162.3690553873648,-4794.439739506243,28.986118302404634,48.55662462682786,0.0,188.41663983367874,-1174.806217795208,-5036.512212245791,23.6058543873208,45.721214917635486,0.0,354.818281963436
5,37,-1169.4763044000956,-4842.473402770893,28.986118302404634,48.55662462682786,0.0,188.41663983367874,-1178.9355205576437,-4990.977847725785,23.6058543873208,45.721214917635486,0.0,354.818281963436
5,38,-1176.5835534128266,-4890.507066035541,28.986118302404634,48.55662462682786,0.0,188.41663983367874,-1183.0648233200793,-4945.44348320578,23.6058543873208,45.721214917635486,0.0,354.818281963436
5,39,-1183.6908024255576,-4938.540729300191,28.986118302404634,48.55662462682786,0.0,188.41663983367874,-1187.194126082515,-4899.909118685773,23.6058543873208,45.721214917635486,0.0,354.818281963436
5,40,-1190.7980514382887,-4986.57439256484,28.986118302404634,48.55662462682786,0.0,188.41663983367874,-1191.3234288449505,-4854.374754165768,23.6058543873208,45.721214917635486,0.0,354.818281963436
5,41,-1197.9053004510197,-5034.608055829489,28.986118302404634,48.55662462682786,0.0,188.41663983367874,-1195.4527316073859,-4808.840389645762,23.6058543873208,45.721214917635486,0.0,354.818281963436
5,42,-1205.0125494637505,-5082.641719094138,28.986118302404634,48.55662462682786,0.0,188.41663983367874,-1199.5820343698215,-4763.306025125757,23.6058543873208,45.721214917635486,0.0,354.818281963436
5,43,-1212.1197984764815,-5130.675382358787,28.986118302404634,48.55662462682786,0.0,188.41663983367874,-1203.711337132257,-4717.77166060575,23.6058543873208,45.721214917635486,0.0,354.818281963436
5,44,-1219.2270474892125,-5178.709045623436,28.986118302404634,48.55662462682786,0.0,188.41663983367874,-1207.8406398946927,-4672.237296085745,23.6058543873208,45.721214917635486,0.0,354.818281963436
5,45,-1226.3342965019435,-5226.742708888085,28.986118302404634,48.55662462682786,0.0,188.41663983367874,-1211.9699426571283,-4626.702931565739,23.6058543873208,45.721214917635486,0.0,354.818281963436
5,46,-1233.4415455146743,-5274.776372152734,28.986118302404634,48.55662462682786,0.0,188.41663983367874,-1216.0992454195639,-4581.168567045734,23.6058543873208,45.721214917635486,0.0,354.818281963436
5,47,-1240.5487945274053,-5322.810035417384,28.986118302404634,48.55662462682786,0.0,188.41663983367874,-1220.2285481819995,-4535.634202525728,23.6058543873208,45.721214917635486,0.0,354.818281963436
5,48,-1247.6560435401364,-5370.8436986820325,28.986118302404634,48.55662462682786,0.0,188.41663983367874,-1224.357850944435,-4490.099838005722,23.6058543873208,45.721214917635486,0.0,354.818281963436
5,49,-1254.7632925528674,-5418.877361946682,28.986118302404634,48.55662462682786,0.0,188.41663983367874,-1228.4871537068705,-4444.565473485716,23.6058543873208,45.721214917635486,0.0,354.818281963436
6,0,70.99040297066972,6669.681968472349,-378.63979489945774,54.73802421569743,0.0,143.90189096441384,3302.9358563879214,5054.313447880583,-403.83344127322147,52.815762245927196,0.0,266.82368653487185
6,1,103.24038775607642,6625.453134253265,-378.63979489945774,54.73802421569743,0.0,143.90189096441384,3250.2012320441054,5051.3869932106945,-403.83344127322147,52.815762245927196,0.0,266.82368653487185
6,2,135.49037254148334,6581.224300034179,-378.63979489945774,54.73802421569743,0.0,143.90189096441384,3197.4666077002894,5048.460538540806,-403.83344127322147,52.815762245927196,0.0,266.82368653487185
6,3,167.74035732689003,6536.995465815094,-378.63979489945774,54.73802421569743,0.0,143.90189096441384,3144.7319833564734,5045.534083870917,-403.83344127322147,52.815762245927196,0.0,266.82368653487185
6,4,199.99034211229673,6492.766631596009,-378.63979489945774,54.73802421569743,0.0,143.90189096441384,3091.9973590126574,5042.607629201028,-403.83344127322147,52.815762245927196,0.0,266.82368653487185
6,5,232.24032689770343,6448.537797376924,-378.63979489945774,54.73802421569743,0.0,143.90189096441384,3039.2627346688414,5039.68117453114,-403.83344127322147,52.815762245927196,0.0,266.82368653487185
6,6,264.49031168311035,6404.308963157839,-378.63979489945774,54.73802421569743,0.0,143.90189096441384,2986.5281103250254,5036.754719861251,-403.83344127322147,52.815762245927196,0.0,266.82368653487185
6,7,296.74029646851704,6360.080128938754,-378.63979489945774,54.73802421569743,0.0,143.90189096441384,2933.7934859812094,5033.828265191362,-403.83344127322147,52.815762245927196,0.0,266.82368653487185
6,8,328.99028125392374,6315.851294719669,-378.63979489945774,54.73802421569743,0.0,143.90189096441384,2881.0588616373934,5030.901810521474,-403.83344127322147,52.815762245927196,0.0,266.82368653487185
6,9,361.24026603933066,6271.622460500583,-378.63979489945774,54.73802421569743,0.0,143.90189096441384,2828.3242372935774,5027.975355851585,-403.83344127322147,52.815762245927196,0.0,266.82368653487185
6,10,393.49025082473736,6227.393626281499,-378.63979489945774,54.73802421569743,0.0,143.90189096441384,2775.589612949761,5025.048901181696,-403.83344127322147,52.815762245927196,0.0,266.82368653487185
6,11,425.74023561014405,6183.164792062413,-378.63979489945774,54.73802421569743,0.0,143.90189096441384,2722.854988605945,5022.122446511808,-403.83344127322147,52.815762245927196,0.0,266.82368653487185
6,12,457.99022039555086,6138.935957843328,-378.63979489945774,54.73802421569743,0.0,143.90189096441384,2670.120364262129,5019.19599184192,-403.83344127322147,52.815762245927196,0.0,266.82368653487185
6,13,490.24020518095756,6094.707123624243,-378.63979489945774,54.73802421569743,0.0,143.90189096441384,2617.385739918313,5016.269537172031,-403.83344127322147,52.815762245927196,0.0,266.82368653487185
6,14,522.4901899663643,6050.478289405158,-378.63979489945774,54.73802421569743,0.0,143.90189096441384,2564.651115574497,5013.343082502142,-403.83344127322147,52.815762245927196,0.0,266.82368653487185
6,15,554.7401747517711,6006.249455186073,-378.63979489945774,54.73802421569743,0.0,143.90189096441384,2511.916491230681,5010.416627832254,-403.83344127322147,52.815762245927196,0.0,266.82368653487185
6,16,586.9901595371779,5962.020620966988,-378.63979489945774,54.73802421569743,0.0,143.90189096441384,2459.181866886865,5007.490173162365,-403.83344127322147,52.815762245927196,0.0,266.82368653487185
6,17,619.2401443225846,5917.791786747903,-378.63979489945774,54.73802421569743,0.0,143.90189096441384,2406.447242543049,5004.563718492476,-403.83344127322147,52.815762245927196,0.0,266.82368653487185
6,18,651.4901291079914,5873.562952528818,-378.63979489945774,54.73802421569743,0.0,143.90189096441384,2353.712618199233,5001.637263822588,-403.83344127322147,52.815762245927196,0.0,266.82368653487185
6,19,683.7401138933981,5829.334118309733,-378.63979489945774,54.73802421569743,0.0,143.90189096441384,2300.9779938554166,4998.710809152699,-403.83344127322147,52.815762245927196,0.0,266.82368653487185
6,20,715.9900986788048,5785.105284090648,-378.63979489945774,54.73802421569743,0.0,143.90189096441384,2248.2433695116006,4995.78435448281,-403.83344127322147,52.815762245927196,0.0,266.82368653487185
6,21,748.2400834642116,5740.876449871563,-378.63979489945774,54.73802421569743,0.0,143.90189096441384,2195.5087451677846,4992.8578998129215,-403.83344127322147,52.815762245927196,0.0,266.82368653487185
6,22,780.4900682496183,5696.647615652477,-378.63979489945774,54.73802421569743,0.0,143.90189096441384,2142.7741208239686,4989.931445143033,-403.83344127322147,52.815762245927196,0.0,266.82368653487185
6,23,812.7400530350251,5652.418781433392,-378.63979489945774,54.73802421569743,0.0,143.90189096441384,2090.0394964801526,4987.004990473144,-403.83344127322147,52.815762245927196,0.0,266.82368653487185
6,24,844.9900378204319,5608.189947214307,-378.63979489945774,54.73802421569743,0.0,143.90189096441384,2037.3048721363366,4984.078535803255,-403.83344127322147,52.815762245927196,0.0,266.82368653487185
6,25,877.2400226058386,5563.961112995222,-378.63979489945774,54.73802421569743,0.0,143.90189096441384,1984.5702477925206,4981.152081133368,-403.83344127322147,52.815762245927196,0.0,266.82368653487185
6,26,909.4900073912454,5519.732278776137,-378.63979489945774,54.73802421569743,0.0,143.90189096441384,1931.8356234487046,4978.225626463479,-403.83344127322147,52.815762245927196,0.0,266.82368653487185
6,27,941.7399921766521,5475.503444557052,-378.63979489945774,54.73802421569743,0.0,143.90189096441384,1879.1009991048886,4975.29917179359,-403.83344127322147,52.815762245927196,0.0,266.82368653487185
6,28,973.9899769620588,5431.274610337967,-378.63979489945774,54.73802421569743,0.0,143.90189096441384,1826.3663747610724,4972.3727171237015,-403.83344127322147,52.815762245927196,0.0,266.82368653487185
6,29,1006.2399617474656,5387.045776118882,-378.63979489945774,54.73802421569743,0.0,143.90189096441384,1773.6317504172564,4969.446262453813,-403.83344127322147,52.815762245927196,0.0,266.82368653487185
6,30,1038.4899465328724,5342.816941899797,-378.63979489945774,54.73802421569743,0.0,143.90189096441384,1720.8971260734402,4966.519807783924,-403.83344127322147,52.815762245927196,0.0,266.82368653487185
6,31,1070.739931318279,5298.588107680712,-378.63979489945774,54.73802421569743,0.0,143.90189096441384,1668.1625017296242,4963.593353114035,-403.83344127322147,52.815762245927196,0.0,266.82368653487185
6,32,1102.9899161036858,5254.359273461627,-378.63979489945774,54.73802421569743,0.0,143.90189096441384,1615.4278773858082,4960.666898444147,-403.83344127322147,52.815762245927196,0.0,266.82368653487185
6,33,1135.2399008890925,5210.130439242541,-378.63979489945774,54.73802421569743,0.0,143.90189096441384,1562.6932530419922,4957.740443774258,-403.83344127322147,52.815762245927196,0.0,266.82368653487185
6,34,1167.4898856744994,5165.901605023456,-378.63979489945774,54.73802421569743,0.0,143.90189096441384,1509.9586286981762,4954.813989104369,-403.83344127322147,52.815762245927196,0.0,266.82368653487185
6,35,1199.7398704599061,5121.672770804371,-378.63979489945774,54.73802421569743,0.0,143.90189096441384,1457.2240043543602,4951.887534434481,-403.83344127322147,52.815762245927196,0.0,266.82368653487185
6,36,1231.9898552453128,5077.443936585286,-378.63979489945774,54.73802421569743,0.0,143.90189096441384,1404.4893800105442,4948.961079764592,-403.83344127322147,52.815762245927196,0.0,266.82368653487185
6,37,1264.2398400307197,5033.215102366201,-378.63979489945774,54.73802421569743,0.0,143.90189096441384,1351.754755666728,4946.034625094703,-403.83344127322147,52.815762245927196,0.0,266.82368653487185
6,38,1296.4898248161264,4988.986268147116,-378.63979489945774,54.73802421569743,0.0,143.90189096441384,1299.020131322912,4943.1081704248145,-403.83344127322147,52.815762245927196,0.0,266.82368653487185
6,39,1328.7398096015331,4944.757433928031,-378.63979489945774,54.73802421569743,0.0,143.90189096441384,1246.285506979096,4940.181715754927,-403.83344127322147,52.815762245927196,0.0,266.82368653487185
6,40,1360.9897943869398,4900.528599708946,-378.63979489945774,54.73802421569743,0.0,143.90189096441384,1193.55088263528,4937.255261085038,-403.83344127322147,52.815762245927196,0.0,266.82368653487185
6,41,1393.2397791723465,4856.299765489861,-378.63979489945774,54.73802421569743,0.0,143.90189096441384,1140.816258291464,4934.328806415149,-403.83344127322147,52.815762245927196,0.0,266.82368653487185
6,42,1425.4897639577534,4812.070931270776,-378.63979489945774,54.73802421569743,0.0,143.90189096441384,1088.0816339476478,4931.402351745261,-403.83344127322147,52.815762245927196,0.0,266.82368653487185
6,43,1457.7397487431601,4767.842097051691,-378.63979489945774,54.73802421569743,0.0,143.90189096441384,1035.3470096038318,4928.475897075372,-403.83344127322147,52.815762245927196,0.0,266.82368653487185
6,44,1489.9897335285668,4723.613262832606,-378.63979489945774,54.73802421569743,0.0,143.90189096441384,982.6123852600158,4925.549442405483,-403.83344127322147,52.815762245927196,0.0,266.82368653487185
6,45,1522.2397183139738,4679.384428613521,-378.63979489945774,54.73802421569743,0.0,143.90189096441384,929.8777609161998,4922.6229877355945,-403.83344127322147,52.815762245927196,0.0,266.82368653487185
6,46,1554.4897030993804,4635.155594394435,-378.63979489945774,54.73802421569743,0.0,143.90189096441384,877.1431365723838,4919.696533065706,-403.83344127322147,52.815762245927196,0.0,266.82368653487185
6,47,1586.7396878847871,4590.92676017535,-378.63979489945774,54.73802421569743,0.0,143.90189096441384,824.4085122285677,4916.770078395817,-403.83344127322147,52.815762245927196,0.0,266.82368653487185
6,48,1618.9896726701938,4546.697925956265,-378.63979489945774,54.73802421569743,0.0,143.90189096441384,771.6738878847517,4913.843623725928,-403.83344127322147,52.815762245927196,0.0,266.82368653487185
6,49,1651.2396574556005,4502.46909173718,-378.63979489945774,54.73802421569743,0.0,143.90189096441384,718.9392635409357,4910.91716905604,-403.83344127322147,52.815762245927196,0.0,266.82368653487185
7,0,2379.7675552149417,-1286.7397490414671,-134.1380668333495,53.33950457013607,0.0,117.67501872612822,6251.015929809204,-2446.8796996628257,-148.90832811364163,53.99829997144398,0.0,275.4605399206203
7,1,2427.004818586655,-1311.5136001134942,-134.1380668333495,53.33950457013607,0.0,117.67501872612822,6197.262675631726,-2441.7412110584305,-148.90832811364163,53.99829997144398,0.0,275.4605399206203
7,2,2474.242081958368,-1336.2874511855211,-134.1380668333495,53.33950457013607,0.0,117.67501872612822,6143.509421454248,-2436.602722454035,-148.90832811364163,53.99829997144398,0.0,275.4605399206203
7,3,2521.4793453300813,-1361.0613022575485,-134.1380668333495,53.33950457013607,0.0,117.67501872612822,6089.756167276771,-2431.4642338496396,-148.90832811364163,53.99829997144398,0.0,275.4605399206203
7,4,2568.7166087017945,-1385.8351533295754,-134.1380668333495,53.33950457013607,0.0,117.67501872612822,6036.0029130992925,-2426.3257452452444,-148.90832811364163,53.99829997144398,0.0,275.4605399206203
7,5,2615.9538720735072,-1410.6090044016023,-134.1380668333495,53.33950457013607,0.0,117.67501872612822,5982.249658921814,-2421.1872566408492,-148.90832811364163,53.99829997144398,0.0,275.4605399206203
7,6,2663.1911354452204,-1435.3828554736294,-134.1380668333495,53.33950457013607,0.0,117.67501872612822,5928.496404744336,-2416.048768036454,-148.90832811364163,53.99829997144398,0.0,275.4605399206203
7,7,2710.4283988169336,-1460.1567065456566,-134.1380668333495,53.33950457013607,0.0,117.67501872612822,5874.743150566859,-2410.910279432059,-148.90832811364163,53.99829997144398,0.0,275.4605399206203
7,8,2757.665662188647,-1484.9305576176835,-134.1380668333495,53.33950457013607,0.0,117.67501872612822,5820.989896389381,-2405.771790827663,-148.90832811364163,53.99829997144398,0.0,275.4605399206203
7,9,2804.90292556036,-1509.7044086897106,-134.1380668333495,53.33950457013607,0.0,117.67501872612822,5767.236642211903,-2400.633302223268,-148.90832811364163,53.99829997144398,0.0,275.4605399206203
7,10,2852.140188932073,-1534.4782597617377,-134.1380668333495,53.33950457013607,0.0,117.67501872612822,5713.483388034425,-2395.4948136188727,-148.90832811364163,53.99829997144398,0.0,275.4605399206203
7,11,2899.3774523037864,-1559.2521108337646,-134.1380668333495,53.33950457013607,0.0,117.67501872612822,5659.730133856947,-2390.3563250144775,-148.90832811364163,53.99829997144398,0.0,275.4605399206203
7,12,2946.6147156754996,-1584.0259619057917,-134.1380668333495,53.33950457013607,0.0,117.67501872612822,5605.976879679469,-2385.2178364100823,-148.90832811364163,53.99829997144398,0.0,275.4605399206203
7,13,2993.851979047213,-1608.7998129778189,-134.1380668333495,53.33950457013607,0.0,117.67501872612822,5552.223625501991,-2380.079347805687,-148.90832811364163,53.99829997144398,0.0,275.4605399206203
7,14,3041.089242418926,-1633.5736640498458,-134.1380668333495,53.33950457013607,0.0,117.67501872612822,5498.4703713245135,-2374.9408592012915,-148.90832811364163,53.99829997144398,0.0,275.4605399206203
7,15,3088.3265057906387,-1658.3475151218727,-134.1380668333495,53.33950457013607,0.0,117.67501872612822,5444.717117147035,-2369.8023705968963,-148.90832811364163,53.99829997144398,0.0,275.4605399206203
7,16,3135.563769162352,-1683.1213661938998,-134.1380668333495,53.33950457013607,0.0,117.67501872612822,5390.963862969557,-2364.663881992501,-148.90832811364163,53.99829997144398,0.0,275.4605399206203
7,17,3182.801032534065,-1707.895217265927,-134.1380668333495,53.33950457013607,0.0,117.67501872612822,5337.21060879208,-2359.525393388106,-148.90832811364163,53.99829997144398,0.0,275.4605399206203
7,18,3230.0382959057783,-1732.6690683379538,-134.1380668333495,53.33950457013607,0.0,117.67501872612822,5283.457354614602,-2354.3869047837106,-148.90832811364163,53.99829997144398,0.0,275.4605399206203
7,19,3277.2755592774915,-1757.4429194099812,-134.1380668333495,53.33950457013607,0.0,117.67501872612822,5229.704100437124,-2349.2484161793154,-148.90832811364163,53.99829997144398,0.0,275.4605399206203
7,20,3324.5128226492043,-1782.216770482008,-134.1380668333495,53.33950457013607,0.0,117.67501872612822,5175.950846259646,-2344.10992757492,-148.90832811364163,53.99829997144398,0.0,275.4605399206203
7,21,3371.7500860209175,-1806.9906215540352,-134.1380668333495,53.33950457013607,0.0,117.67501872612822,5122.197592082168,-2338.9714389705246,-148.90832811364163,53.99829997144398,0.0,275.4605399206203
7,22,3418.9873493926307,-1831.7644726260621,-134.1380668333495,53.33950457013607,0.0,117.67501872612822,5068.44433790469,-2333.8329503661294,-148.90832811364163,53.99829997144398,0.0,275.4605399206203
7,23,3466.224612764344,-1856.5383236980892,-134.1380668333495,53.33950457013607,0.0,117.67501872612822,5014.691083727212,-2328.694461761734,-148.90832811364163,53.99829997144398,0.0,275.4605399206203
7,24,3513.461876136057,-1881.3121747701161,-134.1380668333495,53.33950457013607,0.0,117.67501872612822,4960.937829549734,-2323.555973157339,-148.90832811364163,53.99829997144398,0.0,275.4605399206203
7,25,3560.6991395077703,-1906.0860258421433,-134.1380668333495,53.33950457013607,0.0,117.67501872612822,4907.184575372256,-2318.4174845529437,-148.90832811364163,53.99829997144398,0.0,275.4605399206203
7,26,3607.9364028794835,-1930.8598769141704,-134.1380668333495,53.33950457013607,0.0,117.67501872612822,4853.431321194778,-2313.278995948548,-148.90832811364163,53.99829997144398,0.0,275.4605399206203
7,27,3655.1736662511967,-1955.6337279861973,-134.1380668333495,53.33950457013607,0.0,117.67501872612822,4799.6780670173,-2308.140507344153,-148.90832811364163,53.99829997144398,0.0,275.4605399206203
7,28,3702.41092962291,-1980.4075790582244,-134.1380668333495,53.33950457013607,0.0,117.67501872612822,4745.924812839822,-2303.0020187397577,-148.90832811364163,53.99829997144398,0.0,275.4605399206203
7,29,3749.6481929946226,-2005.1814301302516,-134.1380668333495,53.33950457013607,0.0,117.67501872612822,4692.171558662345,-2297.8635301353625,-148.90832811364163,53.99829997144398,0.0,275.4605399206203
7,30,3796.885456366336,-2029.9552812022785,-134.1380668333495,53.33950457013607,0.0,117.67501872612822,4638.418304484867,-2292.7250415309672,-148.90832811364163,53.99829997144398,0.0,275.4605399206203
7,31,3844.122719738049,-2054.7291322743054,-134.1380668333495,53.33950457013607,0.0,117.67501872612822,4584.665050307389,-2287.586552926572,-148.90832811364163,53.99829997144398,0.0,275.4605399206203
7,32,3891.359983109762,-2079.5029833463327,-134.1380668333495,53.33950457013607,0.0,117.67501872612822,4530.911796129911,-2282.448064322177,-148.90832811364163,53.99829997144398,0.0,275.4605399206203
7,33,3938.5972464814754,-2104.2768344183596,-134.1380668333495,53.33950457013607,0.0,117.67501872612822,4477.158541952433,-2277.309575717781,-148.90832811364163,53.99829997144398,0.0,275.4605399206203
7,34,3985.8345098531886,-2129.0506854903865,-134.1380668333495,53.33950457013607,0.0,117.67501872612822,4423.405287774955,-2272.171087113386,-148.90832811364163,53.99829997144398,0.0,275.4605399206203
7,35,4033.071773224902,-2153.824536562414,-134.1380668333495,53.33950457013607,0.0,117.67501872612822,4369.652033597477,-2267.0325985089908,-148.90832811364163,53.99829997144398,0.0,275.4605399206203
7,36,4080.3090365966145,-2178.5983876344408,-134.1380668333495,53.33950457013607,0.0,117.67501872612822,4315.898779419999,-2261.8941099045956,-148.90832811364163,53.99829997144398,0.0,275.4605399206203
7,37,4127.546299968328,-2203.3722387064677,-134.1380668333495,53.33950457013607,0.0,117.67501872612822,4262.145525242521,-2256.7556213002003,-148.90832811364163,53.99829997144398,0.0,275.4605399206203
7,38,4174.783563340041,-2228.146089778495,-134.1380668333495,53.33950457013607,0.0,117.67501872612822,4208.392271065043,-2251.617132695805,-148.90832811364163,53.99829997144398,0.0,275.4605399206203
7,39,4222.020826711754,-2252.919940850522,-134.1380668333495,53.33950457013607,0.0,117.67501872612822,4154.639016887565,-2246.47864409141,-148.90832811364163,53.99829997144398,0.0,275.4605399206203
7,40,4269.258090083467,-2277.693791922549,-134.1380668333495,53.33950457013607,0.0,117.67501872612822,4100.885762710088,-2241.3401554870143,-148.90832811364163,53.99829997144398,0.0,275.4605399206203
7,41,4316.4953534551805,-2302.467642994576,-134.1380668333495,53.33950457013607,0.0,117.67501872612822,4047.13250853261,-2236.201666882619,-148.90832811364163,53.99829997144398,0.0,275.4605399206203
7,42,4363.732616826894,-2327.241494066603,-134.1380668333495,53.33950457013607,0.0,117.67501872612822,3993.3792543551317,-2231.063178278224,-148.90832811364163,53.99829997144398,0.0,275.4605399206203
7,43,4410.969880198607,-2352.01534513863,-134.1380668333495,53.33950457013607,0.0,117.67501872612822,3939.6260001776536,-2225.9246896738287,-148.90832811364163,53.99829997144398,0.0,275.4605399206203
7,44,4458.20714357032,-2376.7891962106573,-134.1380668333495,53.33950457013607,0.0,117.67501872612822,3885.872746000176,-2220.7862010694334,-148.90832811364163,53.99829997144398,0.0,275.4605399206203
7,45,4505.444406942033,-2401.5630472826842,-134.1380668333495,53.33950457013607,0.0,117.67501872612822,3832.119491822698,-2215.6477124650382,-148.90832811364163,53.99829997144398,0.0,275.4605399206203
7,46,4552.6816703137465,-2426.336898354711,-134.1380668333495,53.33950457013607,0.0,117.67501872612822,3778.3662376452203,-2210.5092238606426,-148.90832811364163,53.99829997144398,0.0,275.4605399206203
7,47,4599.918933685459,-2451.1107494267385,-134.1380668333495,53.33950457013607,0.0,117.67501872612822,3724.612983467742,-2205.3707352562474,-148.90832811364163,53.99829997144398,0.0,275.4605399206203
7,48,4647.156197057172,-2475.8846004987654,-134.1380668333495,53.33950457013607,0.0,117.67501872612822,3670.859729290264,-2200.232246651852,-148.90832811364163,53.99829997144398,0.0,275.4605399206203
7,49,4694.393460428885,-2500.6584515707923,-134.1380668333495,53.33950457013607,0.0,117.67501872612822,3617.106475112786,-2195.093758047457,-148.90832811364163,53.99829997144398,0.0,275.4605399206203
8,0,-2923.341642523746,3326.709683536956,41.58672004246364,54.917302696245216,0.0,188.34863806113952,-4713.268750048857,-94.65972048979256,57.72346536520866,53.04002539332455,0.0,408.6344219377534
8,1,-2931.3154235368543,3272.3743455718163,41.58672004246364,54.917302696245216,0.0,188.34863806113952,-4673.461774226046,-59.607631114597325,57.72346536520866,53.04002539332455,0.0,408.6344219377534
8,2,-2939.289204549962,3218.039007606676,41.58672004246364,54.917302696245216,0.0,188.34863806113952,-4633.654798403236,-24.555541739402315,57.72346536520866,53.04002539332455,0.0,408.6344219377534
8,3,-2947.2629855630703,3163.7036696415353,41.58672004246364,54.917302696245216,0.0,188.34863806113952,-4593.847822580425,10.496547635792467,57.72346536520866,53.04002539332455,0.0,408.6344219377534
8,4,-2955.236766576178,3109.3683316763954,41.58672004246364,54.917302696245216,0.0,188.34863806113952,-4554.0408467576135,45.54863701098748,57.72346536520866,53.04002539332455,0.0,408.6344219377534
8,5,-2963.2105475892863,3055.0329937112547,41.58672004246364,54.917302696245216,0.0,188.34863806113952,-4514.233870934802,80.60072638618249,57.72346536520866,53.04002539332455,0.0,408.6344219377534
8,6,-2971.184328602394,3000.697655746115,41.58672004246364,54.917302696245216,0.0,188.34863806113952,-4474.426895111992,115.6528157613775,57.72346536520866,53.04002539332455,0.0,408.6344219377534
8,7,-2979.1581096155023,2946.362317780974,41.58672004246364,54.917302696245216,0.0,188.34863806113952,-4434.619919289181,150.7049051365725,57.72346536520866,53.04002539332455,0.0,408.6344219377534
8,8,-2987.1318906286106,2892.026979815834,41.58672004246364,54.917302696245216,0.0,188.34863806113952,-4394.81294346637,185.75699451176763,57.72346536520866,53.04002539332455,0.0,408.6344219377534
8,9,-2995.1056716417183,2837.6916418506935,41.58672004246364,54.917302696245216,0.0,188.34863806113952,-4355.005967643559,220.80908388696275,57.72346536520866,53.04002539332455,0.0,408.6344219377534
8,10,-3003.0794526548266,2783.356303885553,41.58672004246364,54.917302696245216,0.0,188.34863806113952,-4315.198991820748,255.86117326215776,57.72346536520866,53.04002539332455,0.0,408.6344219377534
8,11,-3011.0532336679344,2729.020965920413,41.58672004246364,54.917302696245216,0.0,188.34863806113952,-4275.392015997937,290.9132626373528,57.72346536520866,53.04002539332455,0.0,408.6344219377534
8,12,-3019.0270146810426,2674.6856279552726,41.58672004246364,54.917302696245216,0.0,188.34863806113952,-4235.585040175127,325.96535201254767,57.72346536520866,53.04002539332455,0.0,408.6344219377534
8,13,-3027.0007956941504,2620.3502899901323,41.58672004246364,54.917302696245216,0.0,188.34863806113952,-4195.778064352316,361.0174413877428,57.72346536520866,53.04002539332455,0.0,408.6344219377534
8,14,-3034.9745767072586,2566.0149520249915,41.58672004246364,54.917302696245216,0.0,188.34863806113952,-4155.971088529504,396.0695307629378,57.72346536520866,53.04002539332455,0.0,408.6344219377534
8,15,-3042.948357720367,2511.6796140598517,41.58672004246364,54.917302696245216,0.0,188.34863806113952,-4116.164112706693,431.1216201381328,57.72346536520866,53.04002539332455,0.0,408.6344219377534
8,16,-3050.9221387334746,2457.344276094711,41.58672004246364,54.917302696245216,0.0,188.34863806113952,-4076.3571368838825,466.17370951332794,57.72346536520866,53.04002539332455,0.0,408.6344219377534
8,17,-3058.895919746583,2403.008938129571,41.58672004246364,54.917302696245216,0.0,188.34863806113952,-4036.550161061072,501.22579888852295,57.72346536520866,53.04002539332455,0.0,408.6344219377534
8,18,-3066.8697007596907,2348.6736001644304,41.58672004246364,54.917302696245216,0.0,188.34863806113952,-3996.7431852382606,536.2778882637178,57.72346536520866,53.04002539332455,0.0,408.6344219377534
8,19,-3074.843481772799,2294.33826219929,41.58672004246364,54.917302696245216,0.0,188.34863806113952,-3956.93620941545,571.329977638913,57.72346536520866,53.04002539332455,0.0,408.6344219377534
8,20,-3082.8172627859067,2240.0029242341498,41.58672004246364,54.917302696245216,0.0,188.34863806113952,-3917.129233592639,606.382067014108,57.72346536520866,53.04002539332455,0.0,408.6344219377534
8,21,-3090.791043799015,2185.6675862690095,41.58672004246364,54.917302696245216,0.0,188.34863806113952,-3877.322257769828,641.4341563893029,57.72346536520866,53.04002539332455,0.0,408.6344219377534
8,22,-3098.764824812123,2131.332248303869,41.58672004246364,54.917302696245216,0.0,188.34863806113952,-3837.5152819470172,676.4862457644979,57.72346536520866,53.04002539332455,0.0,408.6344219377534
8,23,-3106.738605825231,2076.996910338729,41.58672004246364,54.917302696245216,0.0,188.34863806113952,-3797.708306124206,711.5383351396929,57.72346536520866,53.04002539332455,0.0,408.6344219377534
8,24,-3114.712386838339,2022.6615723735886,41.58672004246364,54.917302696245216,0.0,188.34863806113952,-3757.9013303013953,746.590424514888,57.72346536520866,53.04002539332455,0.0,408.6344219377534
8,25,-3122.686167851447,1968.3262344084483,41.58672004246364,54.917302696245216,0.0,188.34863806113952,-3718.094354478584,781.642513890083,57.72346536520866,53.04002539332455,0.0,408.6344219377534
8,26,-3130.659948864555,1913.990896443308,41.58672004246364,54.917302696245216,0.0,188.34863806113952,-3678.2873786557734,816.6946032652779,57.72346536520866,53.04002539332455,0.0,408.6344219377534
8,27,-3138.633729877663,1859.6555584781677,41.58672004246364,54.917302696245216,0.0,188.34863806113952,-3638.480402832962,851.746692640473,57.72346536520866,53.04002539332455,0.0,408.6344219377534
8,28,-3146.607510890771,1805.3202205130274,41.58672004246364,54.917302696245216,0.0,188.34863806113952,-3598.6734270101515,886.798782015668,57.72346536520866,53.04002539332455,0.0,408.6344219377534
8,29,-3154.581291903879,1750.9848825478869,41.58672004246364,54.917302696245216,0.0,188.34863806113952,-3558.8664511873403,921.850871390863,57.72346536520866,53.04002539332455,0.0,408.6344219377534
8,30,-3162.5550729169872,1696.6495445827466,41.58672004246364,54.917302696245216,0.0,188.34863806113952,-3519.0594753645296,956.9029607660581,57.72346536520866,53.04002539332455,0.0,408.6344219377534
8,31,-3170.5288539300955,1642.3142066176063,41.58672004246364,54.917302696245216,0.0,188.34863806113952,-3479.252499541719,991.9550501412531,57.72346536520866,53.04002539332455,0.0,408.6344219377534
8,32,-3178.5026349432032,1587.978868652466,41.58672004246364,54.917302696245216,0.0,188.34863806113952,-3439.4455237189077,1027.0071395164482,57.72346536520866,53.04002539332455,0.0,408.6344219377534
8,33,-3186.4764159563115,1533.6435306873257,41.58672004246364,54.917302696245216,0.0,188.34863806113952,-3399.638547896097,1062.059228891643,57.72346536520866,53.04002539332455,0.0,408.6344219377534
8,34,-3194.4501969694193,1479.3081927221851,41.58672004246364,54.917302696245216,0.0,188.34863806113952,-3359.8315720732858,1097.111318266838,57.72346536520866,53.04002539332455,0.0,408.6344219377534
8,35,-3202.4239779825275,1424.9728547570448,41.58672004246364,54.917302696245216,0.0,188.34863806113952,-3320.024596250475,1132.163407642033,57.72346536520866,53.04002539332455,0.0,408.6344219377534
8,36,-3210.3977589956353,1370.6375167919045,41.58672004246364,54.917302696245216,0.0,188.34863806113952,-3280.217620427664,1167.215497017228,57.72346536520866,53.04002539332455,0.0,408.6344219377534
8,37,-3218.3715400087435,1316.3021788267642,41.58672004246364,54.917302696245216,0.0,188.34863806113952,-3240.410644604853,1202.267586392423,57.72346536520866,53.04002539332455,0.0,408.6344219377534
8,38,-3226.3453210218513,1261.966840861624,41.58672004246364,54.917302696245216,0.0,188.34863806113952,-3200.603668782042,1237.319675767618,57.72346536520866,53.04002539332455,0.0,408.6344219377534
8,39,-3234.3191020349595,1207.6315028964837,41.58672004246364,54.917302696245216,0.0,188.34863806113952,-3160.796692959231,1272.371765142813,57.72346536520866,53.04002539332455,0.0,408.6344219377534
8,40,-3242.292883048068,1153.2961649313434,41.58672004246364,54.917302696245216,0.0,188.34863806113952,-3120.9897171364205,1307.423854518008,57.72346536520866,53.04002539332455,0.0,408.6344219377534
8,41,-3250.2666640611756,1098.960826966203,41.58672004246364,54.917302696245216,0.0,188.34863806113952,-3081.1827413136093,1342.4759438932033,57.72346536520866,53.04002539332455,0.0,408.6344219377534
8,42,-3258.240445074284,1044.6254890010628,41.58672004246364,54.917302696245216,0.0,188.34863806113952,-3041.3757654907986,1377.5280332683983,57.72346536520866,53.04002539332455,0.0,408.6344219377534
8,43,-3266.2142260873916,990.2901510359223,41.58672004246364,54.917302696245216,0.0,188.34863806113952,-3001.5687896679874,1412.5801226435933,57.72346536520866,53.04002539332455,0.0,408.6344219377534
8,44,-3274.1880071005,935.954813070782,41.58672004246364,54.917302696245216,0.0,188.34863806113952,-2961.7618138451767,1447.6322120187883,57.72346536520866,53.04002539332455,0.0,408.6344219377534
8,45,-3282.1617881136076,881.6194751056416,41.58672004246364,54.917302696245216,0.0,188.34863806113952,-2921.9548380223655,1482.6843013939833,57.72346536520866,53.04002539332455,0.0,408.6344219377534
8,46,-3290.135569126716,827.2841371405013,41.58672004246364,54.917302696245216,0.0,188.34863806113952,-2882.1478621995548,1517.7363907691783,57.72346536520866,53.04002539332455,0.0,408.6344219377534
8,47,-3298.1093501398236,772.948799175361,41.58672004246364,54.917302696245216,0.0,188.34863806113952,-2842.3408863767436,1552.7884801443734,57.72346536520866,53.04002539332455,0.0,408.6344219377534
8,48,-3306.083131152932,718.6134612102207,41.58672004246364,54.917302696245216,0.0,188.34863806113952,-2802.533910553933,1587.8405695195684,57.72346536520866,53.04002539332455,0.0,408.6344219377534
8,49,-3314.05691216604,664.2781232450805,41.58672004246364,54.917302696245216,0.0,188.34863806113952,-2762.726934731122,1622.8926588947634,57.72346536520866,53.04002539332455,0.0,408.6344219377534
9,0,-4225.338637338371,3551.2801669949913,-443.62210846719586,47.47441208063035,0.0,154.2867360858959,-3584.9773080258606,-7.5687975777138945,-458.9369805596188,49.34044462441644,0.0,364.92576050566686
9,1,-4204.741024719276,3508.506832348331,-443.62210846719586,47.47441208063035,0.0,154.2867360858959,-3580.740696819311,41.58942250010887,-458.9369805596188,49.34044462441644,0.0,364.92576050566686
9,2,-4184.14341210018,3465.7334977016717,-443.62210846719586,47.47441208063035,0.0,154.2867360858959,-3576.5040856127607,90.7476425779314,-458.9369805596188,49.34044462441644,0.0,364.92576050566686
9,3,-4163.545799481084,3422.9601630550114,-443.62210846719586,47.47441208063035,0.0,154.2867360858959,-3572.267474406211,139.90586265575394,-458.9369805596188,49.34044462441644,0.0,364.92576050566686
9,4,-4142.948186861989,3380.186828408351,-443.62210846719586,47.47441208063035,0.0,154.2867360858959,-3568.030863199661,189.06408273357647,-458.9369805596188,49.34044462441644,0.0,364.92576050566686
9,5,-4122.350574242893,3337.413493761691,-443.62210846719586,47.47441208063035,0.0,154.2867360858959,-3563.794251993111,238.22230281139923,-458.9369805596188,49.34044462441644,0.0,364.92576050566686
9,6,-4101.752961623798,3294.6401591150307,-443.62210846719586,47.47441208063035,0.0,154.2867360858959,-3559.557640786561,287.38052288922177,-458.9369805596188,49.34044462441644,0.0,364.92576050566686
9,7,-4081.155349004702,3251.8668244683704,-443.62210846719586,47.47441208063035,0.0,154.2867360858959,-3555.3210295800113,336.5387429670445,-458.9369805596188,49.34044462441644,0.0,364.92576050566686
9,8,-4060.5577363856064,3209.0934898217106,-443.62210846719586,47.47441208063035,0.0,154.2867360858959,-3551.0844183734616,385.69696304486706,-458.9369805596188,49.34044462441644,0.0,364.92576050566686
9,9,-4039.960123766511,3166.3201551750503,-443.62210846719586,47.47441208063035,0.0,154.2867360858959,-3546.8478071669115,434.8551831226896,-458.9369805596188,49.34044462441644,0.0,364.92576050566686
9,10,-4019.3625111474153,3123.5468205283905,-443.62210846719586,47.47441208063035,0.0,154.2867360858959,-3542.611195960362,484.01340320051236,-458.9369805596188,49.34044462441644,0.0,364.92576050566686
9,11,-3998.76489852832,3080.7734858817303,-443.62210846719586,47.47441208063035,0.0,154.2867360858959,-3538.3745847538116,533.1716232783349,-458.9369805596188,49.34044462441644,0.0,364.92576050566686
9,12,-3978.167285909224,3038.00015123507,-443.62210846719586,47.47441208063035,0.0,154.2867360858959,-3534.137973547262,582.3298433561574,-458.9369805596188,49.34044462441644,0.0,364.92576050566686
9,13,-3957.569673290129,2995.2268165884097,-443.62210846719586,47.47441208063035,0.0,154.2867360858959,-3529.901362340712,631.48806343398,-458.9369805596188,49.34044462441644,0.0,364.92576050566686
9,14,-3936.972060671033,2952.45348194175,-443.62210846719586,47.47441208063035,0.0,154.2867360858959,-3525.664751134162,680.6462835118027,-458.9369805596188,49.34044462441644,0.0,364.92576050566686
9,15,-3916.3744480519376,2909.6801472950897,-443.62210846719586,47.47441208063035,0.0,154.2867360858959,-3521.428139927612,729.804503589625,-458.9369805596188,49.34044462441644,0.0,364.92576050566686
9,16,-3895.776835432842,2866.9068126484294,-443.62210846719586,47.47441208063035,0.0,154.2867360858959,-3517.1915287210622,778.9627236674478,-458.9369805596188,49.34044462441644,0.0,364.92576050566686
9,17,-3875.1792228137465,2824.1334780017696,-443.62210846719586,47.47441208063035,0.0,154.2867360858959,-3512.9549175145125,828.1209437452703,-458.9369805596188,49.34044462441644,0.0,364.92576050566686
9,18,-3854.5816101946507,2781.3601433551094,-443.62210846719586,47.47441208063035,0.0,154.2867360858959,-3508.7183063079624,877.279163823093,-458.9369805596188,49.34044462441644,0.0,364.92576050566686
9,19,-3833.983997575555,2738.586808708449,-443.62210846719586,47.47441208063035,0.0,154.2867360858959,-3504.4816951014127,926.4373839009156,-458.9369805596188,49.34044462441644,0.0,364.92576050566686
9,20,-3813.3863849564596,2695.813474061789,-443.62210846719586,47.47441208063035,0.0,154.2867360858959,-3500.2450838948625,975.5956039787382,-458.9369805596188,49.34044462441644,0.0,364.92576050566686
9,21,-3792.788772337364,2653.040139415129,-443.62210846719586,47.47441208063035,0.0,154.2867360858959,-3496.008472688313,1024.753824056561,-458.9369805596188,49.34044462441644,0.0,364.92576050566686
9,22,-3772.1911597182684,2610.266804768469,-443.62210846719586,47.47441208063035,0.0,154.2867360858959,-3491.771861481763,1073.9120441343835,-458.9369805596188,49.34044462441644,0.0,364.92576050566686
9,23,-3751.5935470991726,2567.4934701218085,-443.62210846719586,47.47441208063035,0.0,154.2867360858959,-3487.535250275213,1123.070264212206,-458.9369805596188,49.34044462441644,0.0,364.92576050566686
9,24,-3730.9959344800773,2524.7201354751487,-443.62210846719586,47.47441208063035,0.0,154.2867360858959,-3483.2986390686633,1172.2284842900285,-458.9369805596188,49.34044462441644,0.0,364.92576050566686
9,25,-3710.3983218609815,2481.9468008284884,-443.62210846719586,47.47441208063035,0.0,154.2867360858959,-3479.062027862113,1221.386704367851,-458.9369805596188,49.34044462441644,0.0,364.92576050566686
9,26,-3689.800709241886,2439.173466181828,-443.62210846719586,47.47441208063035,0.0,154.2867360858959,-3474.8254166555635,1270.5449244456738,-458.9369805596188,49.34044462441644,0.0,364.92576050566686
9,27,-3669.2030966227903,2396.400131535168,-443.62210846719586,47.47441208063035,0.0,154.2867360858959,-3470.5888054490133,1319.7031445234966,-458.9369805596188,49.34044462441644,0.0,364.92576050566686
9,28,-3648.605484003695,2353.626796888508,-443.62210846719586,47.47441208063035,0.0,154.2867360858959,-3466.3521942424636,1368.861364601319,-458.9369805596188,49.34044462441644,0.0,364.92576050566686
9,29,-3628.007871384599,2310.853462241848,-443.62210846719586,47.47441208063035,0.0,154.2867360858959,-3462.1155830359135,1418.0195846791416,-458.9369805596188,49.34044462441644,0.0,364.92576050566686
9,30,-3607.410258765504,2268.0801275951876,-443.62210846719586,47.47441208063035,0.0,154.2867360858959,-3457.8789718293638,1467.1778047569642,-458.9369805596188,49.34044462441644,0.0,364.92576050566686
9,31,-3586.812646146408,2225.306792948528,-443.62210846719586,47.47441208063035,0.0,154.2867360858959,-3453.6423606228136,1516.3360248347867,-458.9369805596188,49.34044462441644,0.0,364.92576050566686
9,32,-3566.2150335273127,2182.5334583018675,-443.62210846719586,47.47441208063035,0.0,154.2867360858959,-3449.405749416264,1565.4942449126095,-458.9369805596188,49.34044462441644,0.0,364.92576050566686
9,33,-3545.617420908217,2139.7601236552073,-443.62210846719586,47.47441208063035,0.0,154.2867360858959,-3445.1691382097138,1614.652464990432,-458.9369805596188,49.34044462441644,0.0,364.92576050566686
9,34,-3525.0198082891216,2096.986789008547,-443.62210846719586,47.47441208063035,0.0,154.2867360858959,-3440.932527003164,1663.8106850682548,-458.9369805596188,49.34044462441644,0.0,364.92576050566686
9,35,-3504.4221956700258,2054.213454361887,-443.62210846719586,47.47441208063035,0.0,154.2867360858959,-3436.6959157966144,1712.9689051460773,-458.9369805596188,49.34044462441644,0.0,364.92576050566686
9,36,-3483.8245830509304,2011.440119715227,-443.62210846719586,47.47441208063035,0.0,154.2867360858959,-3432.459304590064,1762.1271252238998,-458.9369805596188,49.34044462441644,0.0,364.92576050566686
9,37,-3463.2269704318346,1968.666785068567,-443.62210846719586,47.47441208063035,0.0,154.2867360858959,-3428.2226933835145,1811.2853453017224,-458.9369805596188,49.34044462441644,0.0,364.92576050566686
9,38,-3442.6293578127393,1925.8934504219067,-443.62210846719586,47.47441208063035,0.0,154.2867360858959,-3423.9860821769644,1860.4435653795451,-458.9369805596188,49.34044462441644,0.0,364.92576050566686
9,39,-3422.0317451936435,1883.1201157752466,-443.62210846719586,47.47441208063035,0.0,154.2867360858959,-3419.7494709704147,1909.6017854573677,-458.9369805596188,49.34044462441644,0.0,364.92576050566686
9,40,-3401.4341325745477,1840.3467811285866,-443.62210846719586,47.47441208063035,0.0,154.2867360858959,-3415.5128597638645,1958.7600055351902,-458.9369805596188,49.34044462441644,0.0,364.92576050566686
9,41,-3380.8365199554523,1797.5734464819263,-443.62210846719586,47.47441208063035,0.0,154.2867360858959,-3411.276248557315,2007.918225613013,-458.9369805596188,49.34044462441644,0.0,364.92576050566686
9,42,-3360.2389073363565,1754.8001118352663,-443.62210846719586,47.47441208063035,0.0,154.2867360858959,-3407.0396373507647,2057.0764456908355,-458.9369805596188,49.34044462441644,0.0,364.92576050566686
9,43,-3339.641294717261,1712.026777188606,-443.62210846719586,47.47441208063035,0.0,154.2867360858959,-3402.803026144215,2106.234665768658,-458.9369805596188,49.34044462441644,0.0,364.92576050566686
9,44,-3319.0436820981654,1669.253442541946,-443.62210846719586,47.47441208063035,0.0,154.2867360858959,-3398.5664149376653,2155.3928858464806,-458.9369805596188,49.34044462441644,0.0,364.92576050566686
9,45,-3298.44606947907,1626.480107895286,-443.62210846719586,47.47441208063035,0.0,154.2867360858959,-3394.329803731115,2204.5511059243036,-458.9369805596188,49.34044462441644,0.0,364.92576050566686
9,46,-3277.8484568599742,1583.7067732486257,-443.62210846719586,47.47441208063035,0.0,154.2867360858959,-3390.0931925245654,2253.709326002126,-458.9369805596188,49.34044462441644,0.0,364.92576050566686
9,47,-3257.250844240879,1540.9334386019657,-443.62210846719586,47.47441208063035,0.0,154.2867360858959,-3385.8565813180153,2302.8675460799486,-458.9369805596188,49.34044462441644,0.0,364.92576050566686
9,48,-3236.653231621783,1498.1601039553054,-443.62210846719586,47.47441208063035,0.0,154.2867360858959,-3381.6199701114656,2352.025766157771,-458.9369805596188,49.34044462441644,0.0,364.92576050566686
9,49,-3216.0556190026878,1455.3867693086454,-443.62210846719586,47.47441208063035,0.0,154.2867360858959,-3377.3833589049154,2401.1839862355937,-458.9369805596188,49.34044462441644,0.0,364.92576050566686
10,0,5585.551943020933,-1308.3970574835585,-305.8643563233734,47.49094436837807,0.0,288.0379405947488,2119.247892470523,-1834.5145962257682,-310.91986509140264,53.51001308163141,0.0,417.1831332591412
10,1,5540.395098766548,-1293.691643039023,-305.8643563233734,47.49094436837807,0.0,288.0379405947488,2164.2180873279294,-1805.514543217485,-310.91986509140264,53.51001308163141,0.0,417.1831332591412
10,2,5495.238254512162,-1278.986228594487,-305.8643563233734,47.49094436837807,0.0,288.0379405947488,2209.188282185336,-1776.5144902092018,-310.91986509140264,53.51001308163141,0.0,417.1831332591412
10,3,5450.081410257777,-1264.2808141499515,-305.8643563233734,47.49094436837807,0.0,288.0379405947488,2254.1584770427426,-1747.514437200918,-310.91986509140264,53.51001308163141,0.0,417.1831332591412
10,4,5404.924566003391,-1249.5753997054157,-305.8643563233734,47.49094436837807,0.0,288.0379405947488,2299.128671900149,-1718.514384192635,-310.91986509140264,53.51001308163141,0.0,417.1831332591412
10,5,5359.767721749005,-1234.8699852608802,-305.8643563233734,47.49094436837807,0.0,288.0379405947488,2344.0988667575557,-1689.5143311843517,-310.91986509140264,53.51001308163141,0.0,417.1831332591412
10,6,5314.610877494621,-1220.1645708163446,-305.8643563233734,47.49094436837807,0.0,288.0379405947488,2389.0690616149623,-1660.5142781760683,-310.91986509140264,53.51001308163141,0.0,417.1831332591412
10,7,5269.454033240235,-1205.459156371809,-305.8643563233734,47.49094436837807,0.0,288.0379405947488,2434.039256472369,-1631.5142251677848,-310.91986509140264,53.51001308163141,0.0,417.1831332591412
10,8,5224.297188985849,-1190.7537419272735,-305.8643563233734,47.49094436837807,0.0,288.0379405947488,2479.0094513297754,-1602.5141721595019,-310.91986509140264,53.51001308163141,0.0,417.1831332591412
10,9,5179.140344731464,-1176.048327482738,-305.8643563233734,47.49094436837807,0.0,288.0379405947488,2523.9796461871824,-1573.5141191512184,-310.91986509140264,53.51001308163141,0.0,417.1831332591412
10,10,5133.983500477078,-1161.3429130382024,-305.8643563233734,47.49094436837807,0.0,288.0379405947488,2568.949841044589,-1544.514066142935,-310.91986509140264,53.51001308163141,0.0,417.1831332591412
10,11,5088.826656222693,-1146.6374985936668,-305.8643563233734,47.49094436837807,0.0,288.0379405947488,2613.920035901996,-1515.5140131346516,-310.91986509140264,53.51001308163141,0.0,417.1831332591412
10,12,5043.669811968308,-1131.932084149131,-305.8643563233734,47.49094436837807,0.0,288.0379405947488,2658.8902307594026,-1486.5139601263681,-310.91986509140264,53.51001308163141,0.0,417.1831332591412
10,13,4998.512967713922,-1117.2266697045955,-305.8643563233734,47.49094436837807,0.0,288.0379405947488,2703.860425616809,-1457.513907118085,-310.91986509140264,53.51001308163141,0.0,417.1831332591412
10,14,4953.356123459536,-1102.52125526006,-305.8643563233734,47.49094436837807,0.0,288.0379405947488,2748.8306204742157,-1428.5138541098017,-310.91986509140264,53.51001308163141,0.0,417.1831332591412
10,15,4908.1992792051515,-1087.8158408155243,-305.8643563233734,47.49094436837807,0.0,288.0379405947488,2793.8008153316223,-1399.5138011015183,-310.91986509140264,53.51001308163141,0.0,417.1831332591412
10,16,4863.042434950766,-1073.1104263709885,-305.8643563233734,47.49094436837807,0.0,288.0379405947488,2838.771010189029,-1370.5137480932349,-310.91986509140264,53.51001308163141,0.0,417.1831332591412
10,17,4817.88559069638,-1058.405011926453,-305.8643563233734,47.49094436837807,0.0,288.0379405947488,2883.7412050464354,-1341.5136950849517,-310.91986509140264,53.51001308163141,0.0,417.1831332591412
10,18,4772.728746441995,-1043.6995974819174,-305.8643563233734,47.49094436837807,0.0,288.0379405947488,2928.711399903842,-1312.5136420766682,-310.91986509140264,53.51001308163141,0.0,417.1831332591412
10,19,4727.571902187609,-1028.9941830373818,-305.8643563233734,47.49094436837807,0.0,288.0379405947488,2973.6815947612486,-1283.513589068385,-310.91986509140264,53.51001308163141,0.0,417.1831332591412
10,20,4682.415057933224,-1014.2887685928463,-305.8643563233734,47.49094436837807,0.0,288.0379405947488,3018.651789618655,-1254.5135360601016,-310.91986509140264,53.51001308163141,0.0,417.1831332591412
10,21,4637.258213678839,-999.5833541483106,-305.8643563233734,47.49094436837807,0.0,288.0379405947488,3063.6219844760617,-1225.5134830518182,-310.91986509140264,53.51001308163141,0.0,417.1831332591412
10,22,4592.101369424453,-984.8779397037749,-305.8643563233734,47.49094436837807,0.0,288.0379405947488,3108.5921793334683,-1196.513430043535,-310.91986509140264,53.51001308163141,0.0,417.1831332591412
10,23,4546.944525170067,-970.1725252592394,-305.8643563233734,47.49094436837807,0.0,288.0379405947488,3153.5623741908753,-1167.5133770352516,-310.91986509140264,53.51001308163141,0.0,417.1831332591412
10,24,4501.787680915682,-955.4671108147038,-305.8643563233734,47.49094436837807,0.0,288.0379405947488,3198.532569048282,-1138.5133240269683,-310.91986509140264,53.51001308163141,0.0,417.1831332591412
10,25,4456.630836661297,-940.7616963701682,-305.8643563233734,47.49094436837807,0.0,288.0379405947488,3243.5027639056884,-1109.513271018685,-310.91986509140264,53.51001308163141,0.0,417.1831332591412
10,26,4411.473992406911,-926.0562819256326,-305.8643563233734,47.49094436837807,0.0,288.0379405947488,3288.472958763095,-1080.5132180104015,-310.91986509140264,53.51001308163141,0.0,417.1831332591412
10,27,4366.317148152526,-911.350867481097,-305.8643563233734,47.49094436837807,0.0,288.0379405947488,3333.4431536205016,-1051.5131650021183,-310.91986509140264,53.51001308163141,0.0,417.1831332591412
10,28,4321.16030389814,-896.6454530365613,-305.8643563233734,47.49094436837807,0.0,288.0379405947488,3378.413348477908,-1022.5131119938349,-310.91986509140264,53.51001308163141,0.0,417.1831332591412
10,29,4276.0034596437545,-881.9400385920258,-305.8643563233734,47.49094436837807,0.0,288.0379405947488,3423.3835433353147,-993.5130589855515,-310.91986509140264,53.51001308163141,0.0,417.1831332591412
10,30,4230.84661538937,-867.2346241474902,-305.8643563233734,47.49094436837807,0.0,288.0379405947488,3468.3537381927217,-964.5130059772682,-310.91986509140264,53.51001308163141,0.0,417.1831332591412
10,31,4185.689771134984,-852.5292097029545,-305.8643563233734,47.49094436837807,0.0,288.0379405947488,3513.3239330501283,-935.5129529689848,-310.91986509140264,53.51001308163141,0.0,417.1831332591412
10,32,4140.532926880599,-837.823795258419,-305.8643563233734,47.49094436837807,0.0,288.0379405947488,3558.294127907535,-906.5128999607015,-310.91986509140264,53.51001308163141,0.0,417.1831332591412
10,33,4095.3760826262132,-823.1183808138833,-305.8643563233734,47.49094436837807,0.0,288.0379405947488,3603.2643227649414,-877.5128469524182,-310.91986509140264,53.51001308163141,0.0,417.1831332591412
10,34,4050.2192383718275,-808.4129663693477,-305.8643563233734,47.49094436837807,0.0,288.0379405947488,3648.234517622348,-848.5127939441348,-310.91986509140264,53.51001308163141,0.0,417.1831332591412
10,35,4005.062394117442,-793.7075519248122,-305.8643563233734,47.49094436837807,0.0,288.0379405947488,3693.2047124797546,-819.5127409358514,-310.91986509140264,53.51001308163141,0.0,417.1831332591412
10,36,3959.905549863057,-779.0021374802765,-305.8643563233734,47.49094436837807,0.0,288.0379405947488,3738.174907337161,-790.5126879275681,-310.91986509140264,53.51001308163141,0.0,417.1831332591412
10,37,3914.7487056086716,-764.2967230357409,-305.8643563233734,47.49094436837807,0.0,288.0379405947488,3783.1451021945677,-761.5126349192848,-310.91986509140264,53.51001308163141,0.0,417.1831332591412
10,38,3869.591861354286,-749.5913085912052,-305.8643563233734,47.49094436837807,0.0,288.0379405947488,3828.1152970519747,-732.5125819110015,-310.91986509140264,53.51001308163141,0.0,417.1831332591412
10,39,3824.4350170999005,-734.8858941466697,-305.8643563233734,47.49094436837807,0.0,288.0379405947488,3873.0854919093813,-703.512528902718,-310.91986509140264,53.51001308163141,0.0,417.1831332591412
10,40,3779.278172845515,-720.1804797021341,-305.8643563233734,47.49094436837807,0.0,288.0379405947488,3918.055686766788,-674.5124758944347,-310.91986509140264,53.51001308163141,0.0,417.1831332591412
10,41,3734.1213285911294,-705.4750652575984,-305.8643563233734,47.49094436837807,0.0,288.0379405947488,3963.0258816241944,-645.5124228861514,-310.91986509140264,53.51001308163141,0.0,417.1831332591412
10,42,3688.964484336744,-690.7696508130629,-305.8643563233734,47.49094436837807,0.0,288.0379405947488,4007.996076481601,-616.5123698778681,-310.91986509140264,53.51001308163141,0.0,417.1831332591412
10,43,3643.807640082359,-676.0642363685272,-305.8643563233734,47.49094436837807,0.0,288.0379405947488,4052.9662713390076,-587.5123168695848,-310.91986509140264,53.51001308163141,0.0,417.1831332591412
10,44,3598.6507958279735,-661.3588219239916,-305.8643563233734,47.49094436837807,0.0,288.0379405947488,4097.936466196415,-558.5122638613013,-310.91986509140264,53.51001308163141,0.0,417.1831332591412
10,45,3553.4939515735878,-646.6534074794561,-305.8643563233734,47.49094436837807,0.0,288.0379405947488,4142.906661053821,-529.512210853018,-310.91986509140264,53.51001308163141,0.0,417.1831332591412
10,46,3508.3371073192025,-631.9479930349204,-305.8643563233734,47.49094436837807,0.0,288.0379405947488,4187.876855911228,-500.51215784473465,-310.91986509140264,53.51001308163141,0.0,417.1831332591412
10,47,3463.180263064817,-617.2425785903848,-305.8643563233734,47.49094436837807,0.0,288.0379405947488,4232.847050768634,-471.5121048364514,-310.91986509140264,53.51001308163141,0.0,417.1831332591412
10,48,3418.0234188104314,-602.5371641458491,-305.8643563233734,47.49094436837807,0.0,288.0379405947488,4277.817245626041,-442.512051828168,-310.91986509140264,53.51001308163141,0.0,417.1831332591412
10,49,3372.866574556046,-587.8317497013136,-305.8643563233734,47.49094436837807,0.0,288.0379405947488,4322.787440483447,-413.51199881988464,-310.91986509140264,53.51001308163141,0.0,417.1831332591412
